seq_id,seq
seq-0,YPIINFTTAGATVQSYTNFIRAVRGRLTTGADVRHEIPVLPNRVGLPINQRFILVELSNHAELSVTLALDVTNAYVVGYRAGNSAYFFHPDNQEDAEAITHLFTDVQNRYTFAFGGNYDRLEQLAGNLRENIELGNGPLEEAISALYYYSTGGTQLPTLARSFIICIQMISEAARFQYIEGEMRTRIRYNRRSAPDPSVITLENSWGRLSTAIQESNQGAFASPIQLQRRNGSKFSVYDVSILIPIIALMVYRCA
seq-1,ETMARKEWYDVVAPANFEKRQFAKTICNKTQGTRIAADVLRGRVFEANLADLNQSAGEEEAYRKVRFTVQEVQGRNLLTQFHSMEVTTDKMASLLRKWCTTMETTVEVKTADGYTMRLFVVAFTKPQANQQSRNCYAKQRLVKWLRMRITKMIKRRLSKVQIKEAVSLLTRNVLSDALVRRCNPILPLRELRIRKVRVVRTPKFDAQALLSAHGTIPASVEADQR
seq-2,QYPIINFTTAGATVQSYTNFIRAVRGRLTTGADVRHEIPVLPNRVGLPINQRFILVELSNHAELSVTLALDVTNAYVVGYRAGNSAYFFHPDNQEDAEAITHLFTDVQNRYTFAFGGNYDRLEQLAGNLRENIELGNGPLEEAISALYYYSTGGTQLPTLARSFIICIQMISEAARFQYIEGEMRTRIRYNRRSAPDPSVITLENSWGRLSTAIQESNQGAFASPIQLQRRNGSKFSVYDVSILIPIIALMVYRCAPPP
seq-3,FQQPNYTANFVQSTFNALHRQGAVPDVLVVGGDGRYYTSEAVQVILKVSAANGVRCVWVGQHGLLSTPAVSTMVRRRRDADGRKATGAFILTASHNPGGPDADFGIKYNSENGGPAPEKLTSQIYEETVKITHIKMAPTLPEVDIHTLGTYTFDDYNFQVEVVDSLADYAAYMQEVFDFEAIRALVQRLDFKVHVDSLHGVSGPYVDRIFHEGLGVPKTSLFRTNVLPDFGGCHPDPNLTYAADLVHVMGLLPDGNANPAMKHISTVPSFGVAFDGDADRNMILGCRFFVNPSDSLAVLAANADCVPFFTQSSSSGLKAVARSMPTSGAVDRVAAAHDFALFEVPTGWKFFGNLMDSKDLYGGKDFNPLLCGEESFGTGSNHIREKDGIWASLFWLSVIAKRNAPGTPLVGVQQIVEEHWATYGRNYYSRYDYEDVSAEAAKAVMDTVENTVVDDVPNLNGVACKTIDNFSYTDPIDGSVSTKQGVRVLFEDGSRFVLRLSGTGSSGATIRLYLEQYMDSATVKSHLAEKTLPTASTALKALIGVALQVSKMESLTGRKTPTVIT
seq-1,ETMARKEWYDVVAPANFEKRQFAKTICNKTQGTRIAADVLRGRVFEANLADLNQSAGEEEAYRKVRFTVQEVQGRNLLTQFHSMEVTTDKMASLLRKWCTTMETTVEVKTADGYTMRLFVVAFTKPQANQQSRNCYAKQRLVKWLRMRITKMIKRRLSKVQIKEAVSLLTRNVLSDALVRRCNPILPLRELRIRKVRVVRTPKFDAQALLSAHGTIPASVEADQR
seq-2,QYPIINFTTAGATVQSYTNFIRAVRGRLTTGADVRHEIPVLPNRVGLPINQRFILVELSNHAELSVTLALDVTNAYVVGYRAGNSAYFFHPDNQEDAEAITHLFTDVQNRYTFAFGGNYDRLEQLAGNLRENIELGNGPLEEAISALYYYSTGGTQLPTLARSFIICIQMISEAARFQYIEGEMRTRIRYNRRSAPDPSVITLENSWGRLSTAIQESNQGAFASPIQLQRRNGSKFSVYDVSILIPIIALMVYRCAPPP
seq-0,YPIINFTTAGATVQSYTNFIRAVRGRLTTGADVRHEIPVLPNRVGLPINQRFILVELSNHAELSVTLALDVTNAYVVGYRAGNSAYFFHPDNQEDAEAITHLFTDVQNRYTFAFGGNYDRLEQLAGNLRENIELGNGPLEEAISALYYYSTGGTQLPTLARSFIICIQMISEAARFQYIEGEMRTRIRYNRRSAPDPSVITLENSWGRLSTAIQESNQGAFASPIQLQRRNGSKFSVYDVSILIPIIALMVYRCA
seq-0,YPIINFTTAGATVQSYTNFIRAVRGRLTTGADVRHEIPVLPNRVGLPINQRFILVELSNHAELSVTLALDVTNAYVVGYRAGNSAYFFHPDNQEDAEAITHLFTDVQNRYTFAFGGNYDRLEQLAGNLRENIELGNGPLEEAISALYYYSTGGTQLPTLARSFIICIQMISEAARFQYIEGEMRTRIRYNRRSAPDPSVITLENSWGRLSTAIQESNQGAFASPIQLQRRNGSKFSVYDVSILIPIIALMVYRCA
seq-1,ETMARKEWYDVVAPANFEKRQFAKTICNKTQGTRIAADVLRGRVFEANLADLNQSAGEEEAYRKVRFTVQEVQGRNLLTQFHSMEVTTDKMASLLRKWCTTMETTVEVKTADGYTMRLFVVAFTKPQANQQSRNCYAKQRLVKWLRMRITKMIKRRLSKVQIKEAVSLLTRNVLSDALVRRCNPILPLRELRIRKVRVVRTPKFDAQALLSAHGTIPASVEADQR
seq-2,QYPIINFTTAGATVQSYTNFIRAVRGRLTTGADVRHEIPVLPNRVGLPINQRFILVELSNHAELSVTLALDVTNAYVVGYRAGNSAYFFHPDNQEDAEAITHLFTDVQNRYTFAFGGNYDRLEQLAGNLRENIELGNGPLEEAISALYYYSTGGTQLPTLARSFIICIQMISEAARFQYIEGEMRTRIRYNRRSAPDPSVITLENSWGRLSTAIQESNQGAFASPIQLQRRNGSKFSVYDVSILIPIIALMVYRCAPPP
seq-4,PRKIILDCDPGIDDAVAILLAYGNPEIELLAITTVVGNQTLEKVTRNAQLVADVAGIVGVPIAAGCCKPLVRKVRTAPQIHGETGLGTVSYPSEFKTKLDKRHAVHLIIELIMSHEPKSITLVPTGGLTNIAMAARLEPRIVERVKEVVLMGGSCCIGNASPVAEFNIFVDPEAAHIVFNESWDVTMVGLDLTSQALATPEVLQRVKEVRTKPADFILKILEFYTKVYETQRNTYAKVHDPCAVAYVIDPTVMTTNRVPVNIELNGELTAGMTVTDFRYPRPEQCHTQVASKLDFSKYWDLVIDALQRIGDP
seq-5,ATVRDPAPQFSGKAVVDGAIKEINSNDYKGKYIVLFFYPMDFTFVCPTEIIAFSDRYLEFEKLNTQVIAVSCDSEYSHLAWVNTPRKKGGLGEMKIPVLADKSMEIARDYGVLIESAGIALRGLFVIDKKGTLRHSTINDLPVGRNVDEVLRVVEAFQYADEN
seq-6,SSERTFIAIKPDGVQRGLVGEIISRFERKGFKLVALKMLQPTTEQAQGHYKDLASKPFFEGLVKYFSSGPIVCMVWEGKNVVKSGRVLLGATNPADSQPGTIRGDYAVDVGRNVCHGSDSVESAQREVAFWFKVEEIASWT
seq-7,YFQGYNEADVAALVRSLDRAEDHHIFAVDVLETYPYLAESYTKVCPRRCDLATAAQKALEGAYSYDLRLEGLKADIALMASNCVAYNGPTSAYAETAAKFERYALEQIDAFVLEHN
seq-8,MDVSKRPREEFHKEQCLSFVKKLWAADTLAMFHYPVSATEVPGYYDVVDTPMDLSTIRKNIEQGKYRTDTEVENDVVLMLSNALDFNEKGSQWHDLAKQLKKRYLTLAQESGLSFDAD
seq-9,GKLPPVVHGTTPFVGHIIQFGKDPLGFMLKAKKKYGGIFTMNICGNRITVVGDVHQHSKFFTPRNEILSPREVYSFMVPVFGEGVAYAAPYPRMREQLNFLAEELTVAKFQNFAPSIQHEVRKFMKANWNKDEGEINILDDCSAMIINTACQCLFGEDLRKRLDARQFAQLLAKMESCLIPAAVFLPWILKLPLPQSYRCRDARAELQDILSEIIIAREKEEAQKDTNTSDLLAGLLGAVYRDGTRMSQHEVCGMIVAAMFAGQHTSTITTTWSLLHLMDPRNKRHLAKLHQEIDEFPAQLNYDNVMEEMPFAEQCARESIRRDPPLVMLMRKVLKPVQVGKYVVPEGDIIACSPLLSHQDEEAFPNPREWNPERNMKLVDGAFCGFGAGVHKCIGEKFGLLQVKTVLATVLRDYDFELLGPLPEPNYHTMVVGPTASQCRVKYIKKK
seq-10,RARNVRSHTGEYAPDILVVGSCFLDYVGYVDHMPQVGETMHSVSFHKGFGGKGANQAVAAGRLGAKVAMVSMVGTDGDGSDYIKELERNGVDTAYMFRTGKSSTGLAMILVDTKSSNNEIVICPNATNHFTPELLRAQTNNYERILHTGLKYLICQNEIPLPTTLDTIKEAHSRGVYTVFNSAPAPKPAEVEQIKPFLPYVSLFCPNEVEATLITGVKVTDTESAFSAIKALQQLGVRDVVITLGAAGFVLSENGAEPVHVTGKHVKAVDTTGAGDCFVGSMVYFMSRGRNLLEACKRANECAAISVTRKGTQLSYPHPSELPAGVM
seq-11,NIEGVFRKSFPDLAGETLLDSFNCAWVEGSALKQGYLFITPHWLCFQSTLAAAHFSIEYDEIKDIIKSKSVKMFENAIEVKTHLNDTIFLTNFLQRDQAYSALMSQWLK
seq-12,HPRPLPAGKHAHRQSLETIPEVAELYHCIYKLYNEEESSVWFREPVNALAQEIFTYYDVVKSPMSLRHILDNIVKGDTYSTALQVMEDVELIWKNCITFNGANSLLATEAGKCRSALDRIRRAYQ
seq-0,YPIINFTTAGATVQSYTNFIRAVRGRLTTGADVRHEIPVLPNRVGLPINQRFILVELSNHAELSVTLALDVTNAYVVGYRAGNSAYFFHPDNQEDAEAITHLFTDVQNRYTFAFGGNYDRLEQLAGNLRENIELGNGPLEEAISALYYYSTGGTQLPTLARSFIICIQMISEAARFQYIEGEMRTRIRYNRRSAPDPSVITLENSWGRLSTAIQESNQGAFASPIQLQRRNGSKFSVYDVSILIPIIALMVYRCA
seq-1,ETMARKEWYDVVAPANFEKRQFAKTICNKTQGTRIAADVLRGRVFEANLADLNQSAGEEEAYRKVRFTVQEVQGRNLLTQFHSMEVTTDKMASLLRKWCTTMETTVEVKTADGYTMRLFVVAFTKPQANQQSRNCYAKQRLVKWLRMRITKMIKRRLSKVQIKEAVSLLTRNVLSDALVRRCNPILPLRELRIRKVRVVRTPKFDAQALLSAHGTIPASVEADQR
seq-7,YFQGYNEADVAALVRSLDRAEDHHIFAVDVLETYPYLAESYTKVCPRRCDLATAAQKALEGAYSYDLRLEGLKADIALMASNCVAYNGPTSAYAETAAKFERYALEQIDAFVLEHN
seq-11,NIEGVFRKSFPDLAGETLLDSFNCAWVEGSALKQGYLFITPHWLCFQSTLAAAHFSIEYDEIKDIIKSKSVKMFENAIEVKTHLNDTIFLTNFLQRDQAYSALMSQWLK
seq-13,PFKEVSPNSFLLDDSHALSQLLKKSYRWYSPVFSPRNVPRFADVSSITESPETLKAIRDFLVQRYRAMSPAPTHILGFDARGFLFGPMIAVELEIPFVLMRKADKNAGLLIRSEPYEKEYKEAAPEVMTIRYGSIGKGSRVVLIDDVLATGGTALSGLQLVEASDAVVVEMVSILSIPFLKAAEKIHSTANSRYKDIKFISLLSDDALTEENCGDSKNYTGPRVLSCGDVLAEHPH
seq-14,SEEPPFDIRALRADIEDMISEKLELGPSLIRLAWHEAASYDCFKKDGSPNSASMRFKPECLYAGNKGLDIPRKALETLKKKYPQISYADLWVLAAYVAIEYMGGPTIPFCWGRVDAKDGSVCGPDGRLPDGSKTQSHVREVFRRLGFNDQETVALIGAHTCGECHIEFSGYHGPWTHDKNGFDNSFFTQLLDEDWVLNPKVEQMQLMDRATTKLMMLPSDVCLLLDPSYRKYVELYAKDNDRFNKDFANAFKKLTELGTRNLHKAPAS
seq-3,FQQPNYTANFVQSTFNALHRQGAVPDVLVVGGDGRYYTSEAVQVILKVSAANGVRCVWVGQHGLLSTPAVSTMVRRRRDADGRKATGAFILTASHNPGGPDADFGIKYNSENGGPAPEKLTSQIYEETVKITHIKMAPTLPEVDIHTLGTYTFDDYNFQVEVVDSLADYAAYMQEVFDFEAIRALVQRLDFKVHVDSLHGVSGPYVDRIFHEGLGVPKTSLFRTNVLPDFGGCHPDPNLTYAADLVHVMGLLPDGNANPAMKHISTVPSFGVAFDGDADRNMILGCRFFVNPSDSLAVLAANADCVPFFTQSSSSGLKAVARSMPTSGAVDRVAAAHDFALFEVPTGWKFFGNLMDSKDLYGGKDFNPLLCGEESFGTGSNHIREKDGIWASLFWLSVIAKRNAPGTPLVGVQQIVEEHWATYGRNYYSRYDYEDVSAEAAKAVMDTVENTVVDDVPNLNGVACKTIDNFSYTDPIDGSVSTKQGVRVLFEDGSRFVLRLSGTGSSGATIRLYLEQYMDSATVKSHLAEKTLPTASTALKALIGVALQVSKMESLTGRKTPTVIT
seq-0,YPIINFTTAGATVQSYTNFIRAVRGRLTTGADVRHEIPVLPNRVGLPINQRFILVELSNHAELSVTLALDVTNAYVVGYRAGNSAYFFHPDNQEDAEAITHLFTDVQNRYTFAFGGNYDRLEQLAGNLRENIELGNGPLEEAISALYYYSTGGTQLPTLARSFIICIQMISEAARFQYIEGEMRTRIRYNRRSAPDPSVITLENSWGRLSTAIQESNQGAFASPIQLQRRNGSKFSVYDVSILIPIIALMVYRCA
seq-8,MDVSKRPREEFHKEQCLSFVKKLWAADTLAMFHYPVSATEVPGYYDVVDTPMDLSTIRKNIEQGKYRTDTEVENDVVLMLSNALDFNEKGSQWHDLAKQLKKRYLTLAQESGLSFDAD
seq-15,MPKRVALGCDHAAYATHQEIMDMVNASGAASKVMYMGPSSDTSVDYPDYAAQVCEAILKGEADTGILVCGTGIGMSIAANKFRGIRAALCYDHVTAQLSRQHNNAHILCIGVRTSGMEVIRDIIETFLTTEPLAEGRHGNRVDKITVIEEEQM
seq-16,MSRAYDLVVLGAGSGGLEAGWNAAVTHKKKVAVVDVQATHGPPLFAALGGTCVNVGCVPKKLMVTGAQYMDLIRESGGFGWEMDRESLCPNWKTLIAAKNKVVNSINESYKSMFADTEGLSFHMGFGALQDAHTVVVRKSEDPHSDVLETLDTEYILIATGSWPTRLGVPGDEFCITSNEAFYLEDAPKRMLCVGGGYIAVEFAGIFNGYKPCGGYVDLCYRGDLILRGFDTEVRKSLTKQLGANGIRVRTNLNPTKITKNEDGSNHVHFNDGTEEDYDQVMLAIGRVPRSQALQLDKAGVRTGKNGAVQVDAYSKTSVDNIYAIGDVTNRVMLTPVAINEGAAFVETVFGGKPRATDHTKVACAVFSIPPIGTCGMTEEEAAKNYETVAVYASSFTPLMHNISGSKHKEFMIRIITNESNGEVLGVHMLGDSAPEIIQSVGICMKMGAKISDFHSTIGVHPTSAEELCSMRTPAYFYESGKRVEKLS
seq-12,HPRPLPAGKHAHRQSLETIPEVAELYHCIYKLYNEEESSVWFREPVNALAQEIFTYYDVVKSPMSLRHILDNIVKGDTYSTALQVMEDVELIWKNCITFNGANSLLATEAGKCRSALDRIRRAYQ
seq-9,GKLPPVVHGTTPFVGHIIQFGKDPLGFMLKAKKKYGGIFTMNICGNRITVVGDVHQHSKFFTPRNEILSPREVYSFMVPVFGEGVAYAAPYPRMREQLNFLAEELTVAKFQNFAPSIQHEVRKFMKANWNKDEGEINILDDCSAMIINTACQCLFGEDLRKRLDARQFAQLLAKMESCLIPAAVFLPWILKLPLPQSYRCRDARAELQDILSEIIIAREKEEAQKDTNTSDLLAGLLGAVYRDGTRMSQHEVCGMIVAAMFAGQHTSTITTTWSLLHLMDPRNKRHLAKLHQEIDEFPAQLNYDNVMEEMPFAEQCARESIRRDPPLVMLMRKVLKPVQVGKYVVPEGDIIACSPLLSHQDEEAFPNPREWNPERNMKLVDGAFCGFGAGVHKCIGEKFGLLQVKTVLATVLRDYDFELLGPLPEPNYHTMVVGPTASQCRVKYIKKK
seq-2,QYPIINFTTAGATVQSYTNFIRAVRGRLTTGADVRHEIPVLPNRVGLPINQRFILVELSNHAELSVTLALDVTNAYVVGYRAGNSAYFFHPDNQEDAEAITHLFTDVQNRYTFAFGGNYDRLEQLAGNLRENIELGNGPLEEAISALYYYSTGGTQLPTLARSFIICIQMISEAARFQYIEGEMRTRIRYNRRSAPDPSVITLENSWGRLSTAIQESNQGAFASPIQLQRRNGSKFSVYDVSILIPIIALMVYRCAPPP
seq-17,TATVREAAPQFSGQAVVNGAIKDINMNDYKGKYIVLFFYPMDFTFVCPTEIIAFSDRHADFEKLNTQVVAVSCDSVYSHLAWVNTPRKKGGLGEMHIPVLADKSMEIARDYGVLIEESGIALRGLFIIDKKGILRHSTINDLPVGRNVDEALRVLEAFQYADENG
seq-18,MSRLMPHYSKGKTAFLCVDLQEAFSKRIENFANCVFVANRLARLHEVVPENTKYIVTEHYPKGLGRIVPEITLPKTAHLIEKTRFSCVVPQVEELLEDVDNAVVFGIEGHACILQTVADLLDMNKRVFLPKDGLGSQKKTDFKAAIKLMSSWGPNCEITTSESILLQMTKDAMDPNFKRISKLLKEEPPIPL
seq-0,YPIINFTTAGATVQSYTNFIRAVRGRLTTGADVRHEIPVLPNRVGLPINQRFILVELSNHAELSVTLALDVTNAYVVGYRAGNSAYFFHPDNQEDAEAITHLFTDVQNRYTFAFGGNYDRLEQLAGNLRENIELGNGPLEEAISALYYYSTGGTQLPTLARSFIICIQMISEAARFQYIEGEMRTRIRYNRRSAPDPSVITLENSWGRLSTAIQESNQGAFASPIQLQRRNGSKFSVYDVSILIPIIALMVYRCA
seq-19,FDKYITVFSPEGSLYQVEYAFKAVTYPGLLTVAIRCKDAVLVVTQHLIPDRLMRPDSVTALYEVTPNIGCCMTGRAPDGRALVQRAREEASDYQYRYGVEIPIAVLAKRMGDKAQVRTQQAGLRPMGVVSTFIGMDQSDQDGSLKPQIYTVDPAGWTGGHIACAAGKKQVEAMAFLEKRQKSTELDALTQKEAAMIALAALQSAIGTAVKAKEVEVGRCTAANPAFQRVPNSEVEEWLTAVAEA
seq-20,GVTDSSLLNLPAWKRLQSLYEKYGNDSILSHFEKDHQRFQRYSIEIDLHSDDNFLFLDYSKSHINDEIKDALVALAEERGVRAFAKAMFDGQRVNSTENRAVLHVALRNRSNRPIIVDGKDVMSDVNNVLAQMKDFTERVRSGEWKGQTGKSIYNIVNIGIGGSDLGPVMVTEALKPFSKRDLHCFFVSNVDGTHMAEVLKQVNLEETIFIIASKTFTTQETLTNAMSARNALMSYLKENGISTDGAVAKHFVALSTNTEKVREFGIDTVNMFAFWDWVGGRYSVWSAIGLSVMLSIGYDNFVEFLTGAHVMDNHFASTPTEQNLPMMLALVGIWYNNFFGSETQAVLPYDQYLWRLPAYLQQLDMESNGKGVTKKSGAVAVQTGPIVFGEAGTNGQHAFYQLIHQGTKIIPCDFIGCVQTQNRVGDHHRTLMSNFFAQTEALMVGKNAEEVRQELVKSGMSGDAIENMIPHKTFTGSRPSNSILVNALTPRALGAIIAMYEHKVLVQGAIWGINSYDQWGVELGKVLAKSILPQLKSGNIVSDHDGSTNGLINMFNTRAH
seq-21,SAKPQPIAAANWKCNGTTASIEKLVQVFNEHTISHDVQCVVAPTFVHIPLVQAKLRNPKYVISAENAIAKSGAFTGEVSMPILKDIGVHWVILGHSERRTYYGETDEIVAQKVSEACKQGFMVIACIGETLQQREANQTAKVVLSQTSAIAAKLTKDAWNQVVLAYEPVWAIGTGKVATPEQAQEVHLLLRKWVSENIGTDVAAKLRILYGGSVNAANAATLYAKPDINGFLVGGASLKPEFRDIIDATR
seq-1,ETMARKEWYDVVAPANFEKRQFAKTICNKTQGTRIAADVLRGRVFEANLADLNQSAGEEEAYRKVRFTVQEVQGRNLLTQFHSMEVTTDKMASLLRKWCTTMETTVEVKTADGYTMRLFVVAFTKPQANQQSRNCYAKQRLVKWLRMRITKMIKRRLSKVQIKEAVSLLTRNVLSDALVRRCNPILPLRELRIRKVRVVRTPKFDAQALLSAHGTIPASVEADQR
seq-22,APIKVGINGFGRIGRMVFQAICDQGLIGTEIDVVAVVDMSTNAEYFAYQMKHDTVHGRPKYTVEAVKSSPSVETADVLVVNGHRIKCVKAQRNPADLPWGKLGVDYVIESTGLFTDKLKAEGHIKGGAKKVVISAPASGGAKTIVMGVNQHEYSPASHHVVSNASCTTNCLAPIVHVLTKENFGIETGLMTTIHSYTATQKTVDGVSLKDWRGGRAAAVNIIPSTTGAAKAVGMVIPSTKGKLTGMSFRVPTPDVSVVDLTFRATRDTSIQEIDKAIKKAAQTYMKGILGFTDEELVSADFINDNRSSVYDSKATLQNNLPGEKRFFKVVSWYDNEWAYSHRVVDLVRYMAAKDAASS
seq-23,MSRVTVLQSQLPAYNRLKTPYESELIATVKKLTTPGKGLLAADESIGSCTKRFQPIGLSNTEEHRRQYRALMLEAEGFEQYISGVILHDETVGQKASNGQTFPEYLTARGVVPGIKTDMGLCPLLEGAEGEQMTEGLDGYVKRASAYYKKGCRFCKWRNVYKIQNGTVSESAVRFNAETLARYAILSQMSGLVPIVEPEVMIDGKHDIDTCQRVSEHVWREVVAALQRHGVIWEGCLLKPNMVVPGAESGKTAAPEQVAHYTVMTLARTMPAMLPGVMFLSGGLSEVQASEYLNAINNSPLPRPYFLSFSYARALQSSALKAWGGKESGLAAGRRAFLHRARMNSMAQLGKYKRSDD
seq-24,LLLKPHKDLPRRTVLIVVMDGLGIGPEDDYDAVHMASTPFMDAHRRDNRHFRCVRAHGTAVGLPTDADMGNSEVGHNALGAGRVALQGASLVDDAIKSGEIYTGEGYRYLHGAFSKEGSTLHLIGLLSDGGVHSRDNQIYSIIEHAVKDGAKRIRVHALYDGRDVPDGSSFRFTDELEAVLAKVRQNGCDAAIASGGGRMFVTMDRYDADWSIVERGWRAQVLGDARHFHSAKEAITTFREEDPKVTDQYYPPFIVVDEQDKPLGTIEDGDAVLCVNFRGDRVIEMTRAFEDEDFNKFDRVRVPKVRYAGMMRYDGDLGIPNNFLVPPPKLTRVSEEYLCGSGLNIFACSETQKFGHVTYFWNGNRSGKIDEKHETFKEVPSDRVQFNEKPRMQSAAITEAAIEALKSGMYNVVRINFPNGDMVGHTGDLKATITGVEAVDESLAKLKDAVDSVNGVYIVTADHGNSDDMAQRDKKGKPMKDGNGNVLPLTSHTLSPVPVFIGGAGLDPRVAMRTDLPAAGLANVTATFINLLGFEAPEDYEPSLIYVE
seq-9,GKLPPVVHGTTPFVGHIIQFGKDPLGFMLKAKKKYGGIFTMNICGNRITVVGDVHQHSKFFTPRNEILSPREVYSFMVPVFGEGVAYAAPYPRMREQLNFLAEELTVAKFQNFAPSIQHEVRKFMKANWNKDEGEINILDDCSAMIINTACQCLFGEDLRKRLDARQFAQLLAKMESCLIPAAVFLPWILKLPLPQSYRCRDARAELQDILSEIIIAREKEEAQKDTNTSDLLAGLLGAVYRDGTRMSQHEVCGMIVAAMFAGQHTSTITTTWSLLHLMDPRNKRHLAKLHQEIDEFPAQLNYDNVMEEMPFAEQCARESIRRDPPLVMLMRKVLKPVQVGKYVVPEGDIIACSPLLSHQDEEAFPNPREWNPERNMKLVDGAFCGFGAGVHKCIGEKFGLLQVKTVLATVLRDYDFELLGPLPEPNYHTMVVGPTASQCRVKYIKKK
seq-0,YPIINFTTAGATVQSYTNFIRAVRGRLTTGADVRHEIPVLPNRVGLPINQRFILVELSNHAELSVTLALDVTNAYVVGYRAGNSAYFFHPDNQEDAEAITHLFTDVQNRYTFAFGGNYDRLEQLAGNLRENIELGNGPLEEAISALYYYSTGGTQLPTLARSFIICIQMISEAARFQYIEGEMRTRIRYNRRSAPDPSVITLENSWGRLSTAIQESNQGAFASPIQLQRRNGSKFSVYDVSILIPIIALMVYRCA
seq-1,ETMARKEWYDVVAPANFEKRQFAKTICNKTQGTRIAADVLRGRVFEANLADLNQSAGEEEAYRKVRFTVQEVQGRNLLTQFHSMEVTTDKMASLLRKWCTTMETTVEVKTADGYTMRLFVVAFTKPQANQQSRNCYAKQRLVKWLRMRITKMIKRRLSKVQIKEAVSLLTRNVLSDALVRRCNPILPLRELRIRKVRVVRTPKFDAQALLSAHGTIPASVEADQR
seq-0,YPIINFTTAGATVQSYTNFIRAVRGRLTTGADVRHEIPVLPNRVGLPINQRFILVELSNHAELSVTLALDVTNAYVVGYRAGNSAYFFHPDNQEDAEAITHLFTDVQNRYTFAFGGNYDRLEQLAGNLRENIELGNGPLEEAISALYYYSTGGTQLPTLARSFIICIQMISEAARFQYIEGEMRTRIRYNRRSAPDPSVITLENSWGRLSTAIQESNQGAFASPIQLQRRNGSKFSVYDVSILIPIIALMVYRCA
seq-4,PRKIILDCDPGIDDAVAILLAYGNPEIELLAITTVVGNQTLEKVTRNAQLVADVAGIVGVPIAAGCCKPLVRKVRTAPQIHGETGLGTVSYPSEFKTKLDKRHAVHLIIELIMSHEPKSITLVPTGGLTNIAMAARLEPRIVERVKEVVLMGGSCCIGNASPVAEFNIFVDPEAAHIVFNESWDVTMVGLDLTSQALATPEVLQRVKEVRTKPADFILKILEFYTKVYETQRNTYAKVHDPCAVAYVIDPTVMTTNRVPVNIELNGELTAGMTVTDFRYPRPEQCHTQVASKLDFSKYWDLVIDALQRIGDP
seq-1,ETMARKEWYDVVAPANFEKRQFAKTICNKTQGTRIAADVLRGRVFEANLADLNQSAGEEEAYRKVRFTVQEVQGRNLLTQFHSMEVTTDKMASLLRKWCTTMETTVEVKTADGYTMRLFVVAFTKPQANQQSRNCYAKQRLVKWLRMRITKMIKRRLSKVQIKEAVSLLTRNVLSDALVRRCNPILPLRELRIRKVRVVRTPKFDAQALLSAHGTIPASVEADQR
seq-5,ATVRDPAPQFSGKAVVDGAIKEINSNDYKGKYIVLFFYPMDFTFVCPTEIIAFSDRYLEFEKLNTQVIAVSCDSEYSHLAWVNTPRKKGGLGEMKIPVLADKSMEIARDYGVLIESAGIALRGLFVIDKKGTLRHSTINDLPVGRNVDEVLRVVEAFQYADEN
seq-1,ETMARKEWYDVVAPANFEKRQFAKTICNKTQGTRIAADVLRGRVFEANLADLNQSAGEEEAYRKVRFTVQEVQGRNLLTQFHSMEVTTDKMASLLRKWCTTMETTVEVKTADGYTMRLFVVAFTKPQANQQSRNCYAKQRLVKWLRMRITKMIKRRLSKVQIKEAVSLLTRNVLSDALVRRCNPILPLRELRIRKVRVVRTPKFDAQALLSAHGTIPASVEADQR
seq-6,SSERTFIAIKPDGVQRGLVGEIISRFERKGFKLVALKMLQPTTEQAQGHYKDLASKPFFEGLVKYFSSGPIVCMVWEGKNVVKSGRVLLGATNPADSQPGTIRGDYAVDVGRNVCHGSDSVESAQREVAFWFKVEEIASWT
seq-1,ETMARKEWYDVVAPANFEKRQFAKTICNKTQGTRIAADVLRGRVFEANLADLNQSAGEEEAYRKVRFTVQEVQGRNLLTQFHSMEVTTDKMASLLRKWCTTMETTVEVKTADGYTMRLFVVAFTKPQANQQSRNCYAKQRLVKWLRMRITKMIKRRLSKVQIKEAVSLLTRNVLSDALVRRCNPILPLRELRIRKVRVVRTPKFDAQALLSAHGTIPASVEADQR
seq-0,YPIINFTTAGATVQSYTNFIRAVRGRLTTGADVRHEIPVLPNRVGLPINQRFILVELSNHAELSVTLALDVTNAYVVGYRAGNSAYFFHPDNQEDAEAITHLFTDVQNRYTFAFGGNYDRLEQLAGNLRENIELGNGPLEEAISALYYYSTGGTQLPTLARSFIICIQMISEAARFQYIEGEMRTRIRYNRRSAPDPSVITLENSWGRLSTAIQESNQGAFASPIQLQRRNGSKFSVYDVSILIPIIALMVYRCA
seq-16,MSRAYDLVVLGAGSGGLEAGWNAAVTHKKKVAVVDVQATHGPPLFAALGGTCVNVGCVPKKLMVTGAQYMDLIRESGGFGWEMDRESLCPNWKTLIAAKNKVVNSINESYKSMFADTEGLSFHMGFGALQDAHTVVVRKSEDPHSDVLETLDTEYILIATGSWPTRLGVPGDEFCITSNEAFYLEDAPKRMLCVGGGYIAVEFAGIFNGYKPCGGYVDLCYRGDLILRGFDTEVRKSLTKQLGANGIRVRTNLNPTKITKNEDGSNHVHFNDGTEEDYDQVMLAIGRVPRSQALQLDKAGVRTGKNGAVQVDAYSKTSVDNIYAIGDVTNRVMLTPVAINEGAAFVETVFGGKPRATDHTKVACAVFSIPPIGTCGMTEEEAAKNYETVAVYASSFTPLMHNISGSKHKEFMIRIITNESNGEVLGVHMLGDSAPEIIQSVGICMKMGAKISDFHSTIGVHPTSAEELCSMRTPAYFYESGKRVEKLS
seq-1,ETMARKEWYDVVAPANFEKRQFAKTICNKTQGTRIAADVLRGRVFEANLADLNQSAGEEEAYRKVRFTVQEVQGRNLLTQFHSMEVTTDKMASLLRKWCTTMETTVEVKTADGYTMRLFVVAFTKPQANQQSRNCYAKQRLVKWLRMRITKMIKRRLSKVQIKEAVSLLTRNVLSDALVRRCNPILPLRELRIRKVRVVRTPKFDAQALLSAHGTIPASVEADQR
seq-7,YFQGYNEADVAALVRSLDRAEDHHIFAVDVLETYPYLAESYTKVCPRRCDLATAAQKALEGAYSYDLRLEGLKADIALMASNCVAYNGPTSAYAETAAKFERYALEQIDAFVLEHN
seq-1,ETMARKEWYDVVAPANFEKRQFAKTICNKTQGTRIAADVLRGRVFEANLADLNQSAGEEEAYRKVRFTVQEVQGRNLLTQFHSMEVTTDKMASLLRKWCTTMETTVEVKTADGYTMRLFVVAFTKPQANQQSRNCYAKQRLVKWLRMRITKMIKRRLSKVQIKEAVSLLTRNVLSDALVRRCNPILPLRELRIRKVRVVRTPKFDAQALLSAHGTIPASVEADQR
seq-18,MSRLMPHYSKGKTAFLCVDLQEAFSKRIENFANCVFVANRLARLHEVVPENTKYIVTEHYPKGLGRIVPEITLPKTAHLIEKTRFSCVVPQVEELLEDVDNAVVFGIEGHACILQTVADLLDMNKRVFLPKDGLGSQKKTDFKAAIKLMSSWGPNCEITTSESILLQMTKDAMDPNFKRISKLLKEEPPIPL
seq-1,ETMARKEWYDVVAPANFEKRQFAKTICNKTQGTRIAADVLRGRVFEANLADLNQSAGEEEAYRKVRFTVQEVQGRNLLTQFHSMEVTTDKMASLLRKWCTTMETTVEVKTADGYTMRLFVVAFTKPQANQQSRNCYAKQRLVKWLRMRITKMIKRRLSKVQIKEAVSLLTRNVLSDALVRRCNPILPLRELRIRKVRVVRTPKFDAQALLSAHGTIPASVEADQR
seq-2,QYPIINFTTAGATVQSYTNFIRAVRGRLTTGADVRHEIPVLPNRVGLPINQRFILVELSNHAELSVTLALDVTNAYVVGYRAGNSAYFFHPDNQEDAEAITHLFTDVQNRYTFAFGGNYDRLEQLAGNLRENIELGNGPLEEAISALYYYSTGGTQLPTLARSFIICIQMISEAARFQYIEGEMRTRIRYNRRSAPDPSVITLENSWGRLSTAIQESNQGAFASPIQLQRRNGSKFSVYDVSILIPIIALMVYRCAPPP
seq-1,ETMARKEWYDVVAPANFEKRQFAKTICNKTQGTRIAADVLRGRVFEANLADLNQSAGEEEAYRKVRFTVQEVQGRNLLTQFHSMEVTTDKMASLLRKWCTTMETTVEVKTADGYTMRLFVVAFTKPQANQQSRNCYAKQRLVKWLRMRITKMIKRRLSKVQIKEAVSLLTRNVLSDALVRRCNPILPLRELRIRKVRVVRTPKFDAQALLSAHGTIPASVEADQR
seq-1,ETMARKEWYDVVAPANFEKRQFAKTICNKTQGTRIAADVLRGRVFEANLADLNQSAGEEEAYRKVRFTVQEVQGRNLLTQFHSMEVTTDKMASLLRKWCTTMETTVEVKTADGYTMRLFVVAFTKPQANQQSRNCYAKQRLVKWLRMRITKMIKRRLSKVQIKEAVSLLTRNVLSDALVRRCNPILPLRELRIRKVRVVRTPKFDAQALLSAHGTIPASVEADQR
seq-13,PFKEVSPNSFLLDDSHALSQLLKKSYRWYSPVFSPRNVPRFADVSSITESPETLKAIRDFLVQRYRAMSPAPTHILGFDARGFLFGPMIAVELEIPFVLMRKADKNAGLLIRSEPYEKEYKEAAPEVMTIRYGSIGKGSRVVLIDDVLATGGTALSGLQLVEASDAVVVEMVSILSIPFLKAAEKIHSTANSRYKDIKFISLLSDDALTEENCGDSKNYTGPRVLSCGDVLAEHPH
seq-1,ETMARKEWYDVVAPANFEKRQFAKTICNKTQGTRIAADVLRGRVFEANLADLNQSAGEEEAYRKVRFTVQEVQGRNLLTQFHSMEVTTDKMASLLRKWCTTMETTVEVKTADGYTMRLFVVAFTKPQANQQSRNCYAKQRLVKWLRMRITKMIKRRLSKVQIKEAVSLLTRNVLSDALVRRCNPILPLRELRIRKVRVVRTPKFDAQALLSAHGTIPASVEADQR
seq-1,ETMARKEWYDVVAPANFEKRQFAKTICNKTQGTRIAADVLRGRVFEANLADLNQSAGEEEAYRKVRFTVQEVQGRNLLTQFHSMEVTTDKMASLLRKWCTTMETTVEVKTADGYTMRLFVVAFTKPQANQQSRNCYAKQRLVKWLRMRITKMIKRRLSKVQIKEAVSLLTRNVLSDALVRRCNPILPLRELRIRKVRVVRTPKFDAQALLSAHGTIPASVEADQR
seq-15,MPKRVALGCDHAAYATHQEIMDMVNASGAASKVMYMGPSSDTSVDYPDYAAQVCEAILKGEADTGILVCGTGIGMSIAANKFRGIRAALCYDHVTAQLSRQHNNAHILCIGVRTSGMEVIRDIIETFLTTEPLAEGRHGNRVDKITVIEEEQM
seq-1,ETMARKEWYDVVAPANFEKRQFAKTICNKTQGTRIAADVLRGRVFEANLADLNQSAGEEEAYRKVRFTVQEVQGRNLLTQFHSMEVTTDKMASLLRKWCTTMETTVEVKTADGYTMRLFVVAFTKPQANQQSRNCYAKQRLVKWLRMRITKMIKRRLSKVQIKEAVSLLTRNVLSDALVRRCNPILPLRELRIRKVRVVRTPKFDAQALLSAHGTIPASVEADQR
seq-11,NIEGVFRKSFPDLAGETLLDSFNCAWVEGSALKQGYLFITPHWLCFQSTLAAAHFSIEYDEIKDIIKSKSVKMFENAIEVKTHLNDTIFLTNFLQRDQAYSALMSQWLK
seq-0,YPIINFTTAGATVQSYTNFIRAVRGRLTTGADVRHEIPVLPNRVGLPINQRFILVELSNHAELSVTLALDVTNAYVVGYRAGNSAYFFHPDNQEDAEAITHLFTDVQNRYTFAFGGNYDRLEQLAGNLRENIELGNGPLEEAISALYYYSTGGTQLPTLARSFIICIQMISEAARFQYIEGEMRTRIRYNRRSAPDPSVITLENSWGRLSTAIQESNQGAFASPIQLQRRNGSKFSVYDVSILIPIIALMVYRCA
seq-0,YPIINFTTAGATVQSYTNFIRAVRGRLTTGADVRHEIPVLPNRVGLPINQRFILVELSNHAELSVTLALDVTNAYVVGYRAGNSAYFFHPDNQEDAEAITHLFTDVQNRYTFAFGGNYDRLEQLAGNLRENIELGNGPLEEAISALYYYSTGGTQLPTLARSFIICIQMISEAARFQYIEGEMRTRIRYNRRSAPDPSVITLENSWGRLSTAIQESNQGAFASPIQLQRRNGSKFSVYDVSILIPIIALMVYRCA
seq-1,ETMARKEWYDVVAPANFEKRQFAKTICNKTQGTRIAADVLRGRVFEANLADLNQSAGEEEAYRKVRFTVQEVQGRNLLTQFHSMEVTTDKMASLLRKWCTTMETTVEVKTADGYTMRLFVVAFTKPQANQQSRNCYAKQRLVKWLRMRITKMIKRRLSKVQIKEAVSLLTRNVLSDALVRRCNPILPLRELRIRKVRVVRTPKFDAQALLSAHGTIPASVEADQR
seq-1,ETMARKEWYDVVAPANFEKRQFAKTICNKTQGTRIAADVLRGRVFEANLADLNQSAGEEEAYRKVRFTVQEVQGRNLLTQFHSMEVTTDKMASLLRKWCTTMETTVEVKTADGYTMRLFVVAFTKPQANQQSRNCYAKQRLVKWLRMRITKMIKRRLSKVQIKEAVSLLTRNVLSDALVRRCNPILPLRELRIRKVRVVRTPKFDAQALLSAHGTIPASVEADQR
seq-1,ETMARKEWYDVVAPANFEKRQFAKTICNKTQGTRIAADVLRGRVFEANLADLNQSAGEEEAYRKVRFTVQEVQGRNLLTQFHSMEVTTDKMASLLRKWCTTMETTVEVKTADGYTMRLFVVAFTKPQANQQSRNCYAKQRLVKWLRMRITKMIKRRLSKVQIKEAVSLLTRNVLSDALVRRCNPILPLRELRIRKVRVVRTPKFDAQALLSAHGTIPASVEADQR
seq-12,HPRPLPAGKHAHRQSLETIPEVAELYHCIYKLYNEEESSVWFREPVNALAQEIFTYYDVVKSPMSLRHILDNIVKGDTYSTALQVMEDVELIWKNCITFNGANSLLATEAGKCRSALDRIRRAYQ
seq-1,ETMARKEWYDVVAPANFEKRQFAKTICNKTQGTRIAADVLRGRVFEANLADLNQSAGEEEAYRKVRFTVQEVQGRNLLTQFHSMEVTTDKMASLLRKWCTTMETTVEVKTADGYTMRLFVVAFTKPQANQQSRNCYAKQRLVKWLRMRITKMIKRRLSKVQIKEAVSLLTRNVLSDALVRRCNPILPLRELRIRKVRVVRTPKFDAQALLSAHGTIPASVEADQR
seq-8,MDVSKRPREEFHKEQCLSFVKKLWAADTLAMFHYPVSATEVPGYYDVVDTPMDLSTIRKNIEQGKYRTDTEVENDVVLMLSNALDFNEKGSQWHDLAKQLKKRYLTLAQESGLSFDAD
seq-9,GKLPPVVHGTTPFVGHIIQFGKDPLGFMLKAKKKYGGIFTMNICGNRITVVGDVHQHSKFFTPRNEILSPREVYSFMVPVFGEGVAYAAPYPRMREQLNFLAEELTVAKFQNFAPSIQHEVRKFMKANWNKDEGEINILDDCSAMIINTACQCLFGEDLRKRLDARQFAQLLAKMESCLIPAAVFLPWILKLPLPQSYRCRDARAELQDILSEIIIAREKEEAQKDTNTSDLLAGLLGAVYRDGTRMSQHEVCGMIVAAMFAGQHTSTITTTWSLLHLMDPRNKRHLAKLHQEIDEFPAQLNYDNVMEEMPFAEQCARESIRRDPPLVMLMRKVLKPVQVGKYVVPEGDIIACSPLLSHQDEEAFPNPREWNPERNMKLVDGAFCGFGAGVHKCIGEKFGLLQVKTVLATVLRDYDFELLGPLPEPNYHTMVVGPTASQCRVKYIKKK
seq-25,TMSLQVDLLNNTFANPFMNAAGVMCSTTEDLVAMTESASGSLVSKSCTPALREGNPTPRYRALPLGSINSMGLPNNGFDFYLAYAAEQHDYGRKPLFLSMSGLSVRENVEMCKRLAAVATEKGVILELNLSCPNVPGKPQVAYDFDAMRQCLTAVSEVYPHSFGVKMPPYFDFAHFDAAAEILNEFPQVQFITCINSIGNGLVIDAETESVVIKPKQGFGGLGGRYVLPTALANVNAFYRRCPGKLIFGCGGVYTGEDAFLHVLAGASMVQVGTALHEEGPAIFERLTAELLDVMAKKGYQTLDEFRGKVRTLD
seq-26,SHYTDNRYKMMECIKDAGRPFYPHKFKISMSLPAYALKYGNVENGYIDKDTTLSLSGRVTSIRSSSSKLIFYDIFCEEQKVQIIANIMEHDISTGEFSVSHSEIRRGDVVGFTGFPGKSKRGELSLFSKSVVLLSPCYHMLPTAISGLKDQEVRYRQRYLDLMLNEESRKVFKLRSRAIKYIRNYFDRLGFLEVETPMLNMIYGGAAARPFITYHNELETQLYMRIAPELYLKQLIVGGLDKVYEIGKNFRNEGIDLTHNPEFTAMEFYMAYADYYDLMDLTEELISGLVLEIHGSLKIPYHPDGPEGKCIEIDFTTPWKRFSFVEEIESGLGEKLKRPLDSQENIDFMVEMCEKHEIELPHPRTAAKLLDKLAGHFVETKCTNPSFIIDHPQTMSPLAKWHREKPEMTERFELFVLGKELCNAYTELNEPLQQRKFFEQQADAKASGDVEACPIDETFCLALEHGLPPTGGWGLGIDRLIMFLADKNNIKEVILFPAMRN
seq-18,MSRLMPHYSKGKTAFLCVDLQEAFSKRIENFANCVFVANRLARLHEVVPENTKYIVTEHYPKGLGRIVPEITLPKTAHLIEKTRFSCVVPQVEELLEDVDNAVVFGIEGHACILQTVADLLDMNKRVFLPKDGLGSQKKTDFKAAIKLMSSWGPNCEITTSESILLQMTKDAMDPNFKRISKLLKEEPPIPL
seq-27,AKVTMLYVPCTINQVLVKAFVDSGAQNSIMNKRTAERCGLMRLVDVRMRGVAVGVGRQEICGRIHMTPVNLAGMYIPFAFYVIEDQAMDLIIGLDQLKRHQMMIDLKHNCLTIDNINVPFLPENDLPALA
seq-0,YPIINFTTAGATVQSYTNFIRAVRGRLTTGADVRHEIPVLPNRVGLPINQRFILVELSNHAELSVTLALDVTNAYVVGYRAGNSAYFFHPDNQEDAEAITHLFTDVQNRYTFAFGGNYDRLEQLAGNLRENIELGNGPLEEAISALYYYSTGGTQLPTLARSFIICIQMISEAARFQYIEGEMRTRIRYNRRSAPDPSVITLENSWGRLSTAIQESNQGAFASPIQLQRRNGSKFSVYDVSILIPIIALMVYRCA
seq-28,SGVAKHLGEALKLRKQADTADMDSLSGKTVFFYFSASWCPPCRGFTPQLVEFYEKHHDSKNFEIILASWDEEEDDFNAYYAKMPWLSIPFANRNIVEALTKKYSVESIPTLIGLNADTGDTVTTRARHALTQDPMGEQFPWRDE
seq-0,YPIINFTTAGATVQSYTNFIRAVRGRLTTGADVRHEIPVLPNRVGLPINQRFILVELSNHAELSVTLALDVTNAYVVGYRAGNSAYFFHPDNQEDAEAITHLFTDVQNRYTFAFGGNYDRLEQLAGNLRENIELGNGPLEEAISALYYYSTGGTQLPTLARSFIICIQMISEAARFQYIEGEMRTRIRYNRRSAPDPSVITLENSWGRLSTAIQESNQGAFASPIQLQRRNGSKFSVYDVSILIPIIALMVYRCA
seq-1,ETMARKEWYDVVAPANFEKRQFAKTICNKTQGTRIAADVLRGRVFEANLADLNQSAGEEEAYRKVRFTVQEVQGRNLLTQFHSMEVTTDKMASLLRKWCTTMETTVEVKTADGYTMRLFVVAFTKPQANQQSRNCYAKQRLVKWLRMRITKMIKRRLSKVQIKEAVSLLTRNVLSDALVRRCNPILPLRELRIRKVRVVRTPKFDAQALLSAHGTIPASVEADQR
seq-2,QYPIINFTTAGATVQSYTNFIRAVRGRLTTGADVRHEIPVLPNRVGLPINQRFILVELSNHAELSVTLALDVTNAYVVGYRAGNSAYFFHPDNQEDAEAITHLFTDVQNRYTFAFGGNYDRLEQLAGNLRENIELGNGPLEEAISALYYYSTGGTQLPTLARSFIICIQMISEAARFQYIEGEMRTRIRYNRRSAPDPSVITLENSWGRLSTAIQESNQGAFASPIQLQRRNGSKFSVYDVSILIPIIALMVYRCAPPP
seq-1,ETMARKEWYDVVAPANFEKRQFAKTICNKTQGTRIAADVLRGRVFEANLADLNQSAGEEEAYRKVRFTVQEVQGRNLLTQFHSMEVTTDKMASLLRKWCTTMETTVEVKTADGYTMRLFVVAFTKPQANQQSRNCYAKQRLVKWLRMRITKMIKRRLSKVQIKEAVSLLTRNVLSDALVRRCNPILPLRELRIRKVRVVRTPKFDAQALLSAHGTIPASVEADQR
seq-0,YPIINFTTAGATVQSYTNFIRAVRGRLTTGADVRHEIPVLPNRVGLPINQRFILVELSNHAELSVTLALDVTNAYVVGYRAGNSAYFFHPDNQEDAEAITHLFTDVQNRYTFAFGGNYDRLEQLAGNLRENIELGNGPLEEAISALYYYSTGGTQLPTLARSFIICIQMISEAARFQYIEGEMRTRIRYNRRSAPDPSVITLENSWGRLSTAIQESNQGAFASPIQLQRRNGSKFSVYDVSILIPIIALMVYRCA
seq-1,ETMARKEWYDVVAPANFEKRQFAKTICNKTQGTRIAADVLRGRVFEANLADLNQSAGEEEAYRKVRFTVQEVQGRNLLTQFHSMEVTTDKMASLLRKWCTTMETTVEVKTADGYTMRLFVVAFTKPQANQQSRNCYAKQRLVKWLRMRITKMIKRRLSKVQIKEAVSLLTRNVLSDALVRRCNPILPLRELRIRKVRVVRTPKFDAQALLSAHGTIPASVEADQR
seq-1,ETMARKEWYDVVAPANFEKRQFAKTICNKTQGTRIAADVLRGRVFEANLADLNQSAGEEEAYRKVRFTVQEVQGRNLLTQFHSMEVTTDKMASLLRKWCTTMETTVEVKTADGYTMRLFVVAFTKPQANQQSRNCYAKQRLVKWLRMRITKMIKRRLSKVQIKEAVSLLTRNVLSDALVRRCNPILPLRELRIRKVRVVRTPKFDAQALLSAHGTIPASVEADQR
seq-1,ETMARKEWYDVVAPANFEKRQFAKTICNKTQGTRIAADVLRGRVFEANLADLNQSAGEEEAYRKVRFTVQEVQGRNLLTQFHSMEVTTDKMASLLRKWCTTMETTVEVKTADGYTMRLFVVAFTKPQANQQSRNCYAKQRLVKWLRMRITKMIKRRLSKVQIKEAVSLLTRNVLSDALVRRCNPILPLRELRIRKVRVVRTPKFDAQALLSAHGTIPASVEADQR
seq-2,QYPIINFTTAGATVQSYTNFIRAVRGRLTTGADVRHEIPVLPNRVGLPINQRFILVELSNHAELSVTLALDVTNAYVVGYRAGNSAYFFHPDNQEDAEAITHLFTDVQNRYTFAFGGNYDRLEQLAGNLRENIELGNGPLEEAISALYYYSTGGTQLPTLARSFIICIQMISEAARFQYIEGEMRTRIRYNRRSAPDPSVITLENSWGRLSTAIQESNQGAFASPIQLQRRNGSKFSVYDVSILIPIIALMVYRCAPPP
seq-1,ETMARKEWYDVVAPANFEKRQFAKTICNKTQGTRIAADVLRGRVFEANLADLNQSAGEEEAYRKVRFTVQEVQGRNLLTQFHSMEVTTDKMASLLRKWCTTMETTVEVKTADGYTMRLFVVAFTKPQANQQSRNCYAKQRLVKWLRMRITKMIKRRLSKVQIKEAVSLLTRNVLSDALVRRCNPILPLRELRIRKVRVVRTPKFDAQALLSAHGTIPASVEADQR
seq-0,YPIINFTTAGATVQSYTNFIRAVRGRLTTGADVRHEIPVLPNRVGLPINQRFILVELSNHAELSVTLALDVTNAYVVGYRAGNSAYFFHPDNQEDAEAITHLFTDVQNRYTFAFGGNYDRLEQLAGNLRENIELGNGPLEEAISALYYYSTGGTQLPTLARSFIICIQMISEAARFQYIEGEMRTRIRYNRRSAPDPSVITLENSWGRLSTAIQESNQGAFASPIQLQRRNGSKFSVYDVSILIPIIALMVYRCA
seq-29,KAILLFDVDGTLTPPRNPETHDMKEALLKARAAGFKLGVVGGSDFAKQKEQLGESILEDFDYVFSENGLLAYKDGKEFHRNSLLRALGNEKVVAFVKKCLHLIADLDIPVQRGTFVEFRNGMFNVSPIGRNCSQQERDEFENLDKERHIREKLIRELKEAFPDYQLAYSVGGQISFDVFPKGWDKTYCLQFVENDFETIHFFGDKTSEGGNDYEIFTDSRTIGHSVKTYKDTIAILEALLED
seq-1,ETMARKEWYDVVAPANFEKRQFAKTICNKTQGTRIAADVLRGRVFEANLADLNQSAGEEEAYRKVRFTVQEVQGRNLLTQFHSMEVTTDKMASLLRKWCTTMETTVEVKTADGYTMRLFVVAFTKPQANQQSRNCYAKQRLVKWLRMRITKMIKRRLSKVQIKEAVSLLTRNVLSDALVRRCNPILPLRELRIRKVRVVRTPKFDAQALLSAHGTIPASVEADQR
seq-30,HMPAPKTIYIAGPAVFHPDNGEAYYNNVRALMKGKDVVPLIPTDNIATGAVNIRNKNIDMIRACDAIIADLSPFRSKEPDCGTAFELGYAAALGKVLLTFSTDTRPMVEKYGSEMADGLSVENFGLPFNLMLHDGTDVFDSFEAAFAYFVEHHLT
seq-31,GSHMIAPLSVKDNDKWVDTHVGKTTEIHLKGNPTTGYMWTRVGFVGKDVLSDEILEVVCKYTPTPSSTPMVGVGGIYVVLVKPRKRGHHTLELVYTRPFEGIKPENERYTLHLNVK
seq-1,ETMARKEWYDVVAPANFEKRQFAKTICNKTQGTRIAADVLRGRVFEANLADLNQSAGEEEAYRKVRFTVQEVQGRNLLTQFHSMEVTTDKMASLLRKWCTTMETTVEVKTADGYTMRLFVVAFTKPQANQQSRNCYAKQRLVKWLRMRITKMIKRRLSKVQIKEAVSLLTRNVLSDALVRRCNPILPLRELRIRKVRVVRTPKFDAQALLSAHGTIPASVEADQR
seq-1,ETMARKEWYDVVAPANFEKRQFAKTICNKTQGTRIAADVLRGRVFEANLADLNQSAGEEEAYRKVRFTVQEVQGRNLLTQFHSMEVTTDKMASLLRKWCTTMETTVEVKTADGYTMRLFVVAFTKPQANQQSRNCYAKQRLVKWLRMRITKMIKRRLSKVQIKEAVSLLTRNVLSDALVRRCNPILPLRELRIRKVRVVRTPKFDAQALLSAHGTIPASVEADQR
seq-0,YPIINFTTAGATVQSYTNFIRAVRGRLTTGADVRHEIPVLPNRVGLPINQRFILVELSNHAELSVTLALDVTNAYVVGYRAGNSAYFFHPDNQEDAEAITHLFTDVQNRYTFAFGGNYDRLEQLAGNLRENIELGNGPLEEAISALYYYSTGGTQLPTLARSFIICIQMISEAARFQYIEGEMRTRIRYNRRSAPDPSVITLENSWGRLSTAIQESNQGAFASPIQLQRRNGSKFSVYDVSILIPIIALMVYRCA
seq-2,QYPIINFTTAGATVQSYTNFIRAVRGRLTTGADVRHEIPVLPNRVGLPINQRFILVELSNHAELSVTLALDVTNAYVVGYRAGNSAYFFHPDNQEDAEAITHLFTDVQNRYTFAFGGNYDRLEQLAGNLRENIELGNGPLEEAISALYYYSTGGTQLPTLARSFIICIQMISEAARFQYIEGEMRTRIRYNRRSAPDPSVITLENSWGRLSTAIQESNQGAFASPIQLQRRNGSKFSVYDVSILIPIIALMVYRCAPPP
seq-32,KKMSIVLAPFSGGQPHSGVELGPDYLLKQGLQQDMEKLGWDTRLERVFDGKVVEARKASDNGDRIGRVKRPRLTAECTEKIYKCVRRVAEQGRFPLTIGGDHSIALGTVAGVLSVHPDAGVIWVDAHADINTMSGTVSGNLHGCPLSILLGLDRENIPECFSWVPQVLKPNKIAYIGLRAVDDEEKKILHDLNIAAFSMHHVDRYGIDKVVSMAIEAVSPKGTEPVMVSYDVDTIDPLYVPATGTPVRGGLSFREALFLCERIAECGRLVALDVVECNPLLAATESHVNDTISVGCAIARCMMGETLLYTP
seq-1,ETMARKEWYDVVAPANFEKRQFAKTICNKTQGTRIAADVLRGRVFEANLADLNQSAGEEEAYRKVRFTVQEVQGRNLLTQFHSMEVTTDKMASLLRKWCTTMETTVEVKTADGYTMRLFVVAFTKPQANQQSRNCYAKQRLVKWLRMRITKMIKRRLSKVQIKEAVSLLTRNVLSDALVRRCNPILPLRELRIRKVRVVRTPKFDAQALLSAHGTIPASVEADQR
seq-0,YPIINFTTAGATVQSYTNFIRAVRGRLTTGADVRHEIPVLPNRVGLPINQRFILVELSNHAELSVTLALDVTNAYVVGYRAGNSAYFFHPDNQEDAEAITHLFTDVQNRYTFAFGGNYDRLEQLAGNLRENIELGNGPLEEAISALYYYSTGGTQLPTLARSFIICIQMISEAARFQYIEGEMRTRIRYNRRSAPDPSVITLENSWGRLSTAIQESNQGAFASPIQLQRRNGSKFSVYDVSILIPIIALMVYRCA
seq-7,YFQGYNEADVAALVRSLDRAEDHHIFAVDVLETYPYLAESYTKVCPRRCDLATAAQKALEGAYSYDLRLEGLKADIALMASNCVAYNGPTSAYAETAAKFERYALEQIDAFVLEHN
seq-1,ETMARKEWYDVVAPANFEKRQFAKTICNKTQGTRIAADVLRGRVFEANLADLNQSAGEEEAYRKVRFTVQEVQGRNLLTQFHSMEVTTDKMASLLRKWCTTMETTVEVKTADGYTMRLFVVAFTKPQANQQSRNCYAKQRLVKWLRMRITKMIKRRLSKVQIKEAVSLLTRNVLSDALVRRCNPILPLRELRIRKVRVVRTPKFDAQALLSAHGTIPASVEADQR
seq-9,GKLPPVVHGTTPFVGHIIQFGKDPLGFMLKAKKKYGGIFTMNICGNRITVVGDVHQHSKFFTPRNEILSPREVYSFMVPVFGEGVAYAAPYPRMREQLNFLAEELTVAKFQNFAPSIQHEVRKFMKANWNKDEGEINILDDCSAMIINTACQCLFGEDLRKRLDARQFAQLLAKMESCLIPAAVFLPWILKLPLPQSYRCRDARAELQDILSEIIIAREKEEAQKDTNTSDLLAGLLGAVYRDGTRMSQHEVCGMIVAAMFAGQHTSTITTTWSLLHLMDPRNKRHLAKLHQEIDEFPAQLNYDNVMEEMPFAEQCARESIRRDPPLVMLMRKVLKPVQVGKYVVPEGDIIACSPLLSHQDEEAFPNPREWNPERNMKLVDGAFCGFGAGVHKCIGEKFGLLQVKTVLATVLRDYDFELLGPLPEPNYHTMVVGPTASQCRVKYIKKK
seq-18,MSRLMPHYSKGKTAFLCVDLQEAFSKRIENFANCVFVANRLARLHEVVPENTKYIVTEHYPKGLGRIVPEITLPKTAHLIEKTRFSCVVPQVEELLEDVDNAVVFGIEGHACILQTVADLLDMNKRVFLPKDGLGSQKKTDFKAAIKLMSSWGPNCEITTSESILLQMTKDAMDPNFKRISKLLKEEPPIPL
seq-1,ETMARKEWYDVVAPANFEKRQFAKTICNKTQGTRIAADVLRGRVFEANLADLNQSAGEEEAYRKVRFTVQEVQGRNLLTQFHSMEVTTDKMASLLRKWCTTMETTVEVKTADGYTMRLFVVAFTKPQANQQSRNCYAKQRLVKWLRMRITKMIKRRLSKVQIKEAVSLLTRNVLSDALVRRCNPILPLRELRIRKVRVVRTPKFDAQALLSAHGTIPASVEADQR
seq-1,ETMARKEWYDVVAPANFEKRQFAKTICNKTQGTRIAADVLRGRVFEANLADLNQSAGEEEAYRKVRFTVQEVQGRNLLTQFHSMEVTTDKMASLLRKWCTTMETTVEVKTADGYTMRLFVVAFTKPQANQQSRNCYAKQRLVKWLRMRITKMIKRRLSKVQIKEAVSLLTRNVLSDALVRRCNPILPLRELRIRKVRVVRTPKFDAQALLSAHGTIPASVEADQR
seq-2,QYPIINFTTAGATVQSYTNFIRAVRGRLTTGADVRHEIPVLPNRVGLPINQRFILVELSNHAELSVTLALDVTNAYVVGYRAGNSAYFFHPDNQEDAEAITHLFTDVQNRYTFAFGGNYDRLEQLAGNLRENIELGNGPLEEAISALYYYSTGGTQLPTLARSFIICIQMISEAARFQYIEGEMRTRIRYNRRSAPDPSVITLENSWGRLSTAIQESNQGAFASPIQLQRRNGSKFSVYDVSILIPIIALMVYRCAPPP
seq-0,YPIINFTTAGATVQSYTNFIRAVRGRLTTGADVRHEIPVLPNRVGLPINQRFILVELSNHAELSVTLALDVTNAYVVGYRAGNSAYFFHPDNQEDAEAITHLFTDVQNRYTFAFGGNYDRLEQLAGNLRENIELGNGPLEEAISALYYYSTGGTQLPTLARSFIICIQMISEAARFQYIEGEMRTRIRYNRRSAPDPSVITLENSWGRLSTAIQESNQGAFASPIQLQRRNGSKFSVYDVSILIPIIALMVYRCA
seq-1,ETMARKEWYDVVAPANFEKRQFAKTICNKTQGTRIAADVLRGRVFEANLADLNQSAGEEEAYRKVRFTVQEVQGRNLLTQFHSMEVTTDKMASLLRKWCTTMETTVEVKTADGYTMRLFVVAFTKPQANQQSRNCYAKQRLVKWLRMRITKMIKRRLSKVQIKEAVSLLTRNVLSDALVRRCNPILPLRELRIRKVRVVRTPKFDAQALLSAHGTIPASVEADQR
seq-1,ETMARKEWYDVVAPANFEKRQFAKTICNKTQGTRIAADVLRGRVFEANLADLNQSAGEEEAYRKVRFTVQEVQGRNLLTQFHSMEVTTDKMASLLRKWCTTMETTVEVKTADGYTMRLFVVAFTKPQANQQSRNCYAKQRLVKWLRMRITKMIKRRLSKVQIKEAVSLLTRNVLSDALVRRCNPILPLRELRIRKVRVVRTPKFDAQALLSAHGTIPASVEADQR
seq-1,ETMARKEWYDVVAPANFEKRQFAKTICNKTQGTRIAADVLRGRVFEANLADLNQSAGEEEAYRKVRFTVQEVQGRNLLTQFHSMEVTTDKMASLLRKWCTTMETTVEVKTADGYTMRLFVVAFTKPQANQQSRNCYAKQRLVKWLRMRITKMIKRRLSKVQIKEAVSLLTRNVLSDALVRRCNPILPLRELRIRKVRVVRTPKFDAQALLSAHGTIPASVEADQR
seq-10,RARNVRSHTGEYAPDILVVGSCFLDYVGYVDHMPQVGETMHSVSFHKGFGGKGANQAVAAGRLGAKVAMVSMVGTDGDGSDYIKELERNGVDTAYMFRTGKSSTGLAMILVDTKSSNNEIVICPNATNHFTPELLRAQTNNYERILHTGLKYLICQNEIPLPTTLDTIKEAHSRGVYTVFNSAPAPKPAEVEQIKPFLPYVSLFCPNEVEATLITGVKVTDTESAFSAIKALQQLGVRDVVITLGAAGFVLSENGAEPVHVTGKHVKAVDTTGAGDCFVGSMVYFMSRGRNLLEACKRANECAAISVTRKGTQLSYPHPSELPAGVM
seq-1,ETMARKEWYDVVAPANFEKRQFAKTICNKTQGTRIAADVLRGRVFEANLADLNQSAGEEEAYRKVRFTVQEVQGRNLLTQFHSMEVTTDKMASLLRKWCTTMETTVEVKTADGYTMRLFVVAFTKPQANQQSRNCYAKQRLVKWLRMRITKMIKRRLSKVQIKEAVSLLTRNVLSDALVRRCNPILPLRELRIRKVRVVRTPKFDAQALLSAHGTIPASVEADQR
seq-1,ETMARKEWYDVVAPANFEKRQFAKTICNKTQGTRIAADVLRGRVFEANLADLNQSAGEEEAYRKVRFTVQEVQGRNLLTQFHSMEVTTDKMASLLRKWCTTMETTVEVKTADGYTMRLFVVAFTKPQANQQSRNCYAKQRLVKWLRMRITKMIKRRLSKVQIKEAVSLLTRNVLSDALVRRCNPILPLRELRIRKVRVVRTPKFDAQALLSAHGTIPASVEADQR
seq-1,ETMARKEWYDVVAPANFEKRQFAKTICNKTQGTRIAADVLRGRVFEANLADLNQSAGEEEAYRKVRFTVQEVQGRNLLTQFHSMEVTTDKMASLLRKWCTTMETTVEVKTADGYTMRLFVVAFTKPQANQQSRNCYAKQRLVKWLRMRITKMIKRRLSKVQIKEAVSLLTRNVLSDALVRRCNPILPLRELRIRKVRVVRTPKFDAQALLSAHGTIPASVEADQR
seq-11,NIEGVFRKSFPDLAGETLLDSFNCAWVEGSALKQGYLFITPHWLCFQSTLAAAHFSIEYDEIKDIIKSKSVKMFENAIEVKTHLNDTIFLTNFLQRDQAYSALMSQWLK
seq-1,ETMARKEWYDVVAPANFEKRQFAKTICNKTQGTRIAADVLRGRVFEANLADLNQSAGEEEAYRKVRFTVQEVQGRNLLTQFHSMEVTTDKMASLLRKWCTTMETTVEVKTADGYTMRLFVVAFTKPQANQQSRNCYAKQRLVKWLRMRITKMIKRRLSKVQIKEAVSLLTRNVLSDALVRRCNPILPLRELRIRKVRVVRTPKFDAQALLSAHGTIPASVEADQR
seq-0,YPIINFTTAGATVQSYTNFIRAVRGRLTTGADVRHEIPVLPNRVGLPINQRFILVELSNHAELSVTLALDVTNAYVVGYRAGNSAYFFHPDNQEDAEAITHLFTDVQNRYTFAFGGNYDRLEQLAGNLRENIELGNGPLEEAISALYYYSTGGTQLPTLARSFIICIQMISEAARFQYIEGEMRTRIRYNRRSAPDPSVITLENSWGRLSTAIQESNQGAFASPIQLQRRNGSKFSVYDVSILIPIIALMVYRCA
seq-1,ETMARKEWYDVVAPANFEKRQFAKTICNKTQGTRIAADVLRGRVFEANLADLNQSAGEEEAYRKVRFTVQEVQGRNLLTQFHSMEVTTDKMASLLRKWCTTMETTVEVKTADGYTMRLFVVAFTKPQANQQSRNCYAKQRLVKWLRMRITKMIKRRLSKVQIKEAVSLLTRNVLSDALVRRCNPILPLRELRIRKVRVVRTPKFDAQALLSAHGTIPASVEADQR
seq-1,ETMARKEWYDVVAPANFEKRQFAKTICNKTQGTRIAADVLRGRVFEANLADLNQSAGEEEAYRKVRFTVQEVQGRNLLTQFHSMEVTTDKMASLLRKWCTTMETTVEVKTADGYTMRLFVVAFTKPQANQQSRNCYAKQRLVKWLRMRITKMIKRRLSKVQIKEAVSLLTRNVLSDALVRRCNPILPLRELRIRKVRVVRTPKFDAQALLSAHGTIPASVEADQR
seq-1,ETMARKEWYDVVAPANFEKRQFAKTICNKTQGTRIAADVLRGRVFEANLADLNQSAGEEEAYRKVRFTVQEVQGRNLLTQFHSMEVTTDKMASLLRKWCTTMETTVEVKTADGYTMRLFVVAFTKPQANQQSRNCYAKQRLVKWLRMRITKMIKRRLSKVQIKEAVSLLTRNVLSDALVRRCNPILPLRELRIRKVRVVRTPKFDAQALLSAHGTIPASVEADQR
seq-1,ETMARKEWYDVVAPANFEKRQFAKTICNKTQGTRIAADVLRGRVFEANLADLNQSAGEEEAYRKVRFTVQEVQGRNLLTQFHSMEVTTDKMASLLRKWCTTMETTVEVKTADGYTMRLFVVAFTKPQANQQSRNCYAKQRLVKWLRMRITKMIKRRLSKVQIKEAVSLLTRNVLSDALVRRCNPILPLRELRIRKVRVVRTPKFDAQALLSAHGTIPASVEADQR
seq-1,ETMARKEWYDVVAPANFEKRQFAKTICNKTQGTRIAADVLRGRVFEANLADLNQSAGEEEAYRKVRFTVQEVQGRNLLTQFHSMEVTTDKMASLLRKWCTTMETTVEVKTADGYTMRLFVVAFTKPQANQQSRNCYAKQRLVKWLRMRITKMIKRRLSKVQIKEAVSLLTRNVLSDALVRRCNPILPLRELRIRKVRVVRTPKFDAQALLSAHGTIPASVEADQR
seq-8,MDVSKRPREEFHKEQCLSFVKKLWAADTLAMFHYPVSATEVPGYYDVVDTPMDLSTIRKNIEQGKYRTDTEVENDVVLMLSNALDFNEKGSQWHDLAKQLKKRYLTLAQESGLSFDAD
seq-12,HPRPLPAGKHAHRQSLETIPEVAELYHCIYKLYNEEESSVWFREPVNALAQEIFTYYDVVKSPMSLRHILDNIVKGDTYSTALQVMEDVELIWKNCITFNGANSLLATEAGKCRSALDRIRRAYQ
seq-0,YPIINFTTAGATVQSYTNFIRAVRGRLTTGADVRHEIPVLPNRVGLPINQRFILVELSNHAELSVTLALDVTNAYVVGYRAGNSAYFFHPDNQEDAEAITHLFTDVQNRYTFAFGGNYDRLEQLAGNLRENIELGNGPLEEAISALYYYSTGGTQLPTLARSFIICIQMISEAARFQYIEGEMRTRIRYNRRSAPDPSVITLENSWGRLSTAIQESNQGAFASPIQLQRRNGSKFSVYDVSILIPIIALMVYRCA
seq-25,TMSLQVDLLNNTFANPFMNAAGVMCSTTEDLVAMTESASGSLVSKSCTPALREGNPTPRYRALPLGSINSMGLPNNGFDFYLAYAAEQHDYGRKPLFLSMSGLSVRENVEMCKRLAAVATEKGVILELNLSCPNVPGKPQVAYDFDAMRQCLTAVSEVYPHSFGVKMPPYFDFAHFDAAAEILNEFPQVQFITCINSIGNGLVIDAETESVVIKPKQGFGGLGGRYVLPTALANVNAFYRRCPGKLIFGCGGVYTGEDAFLHVLAGASMVQVGTALHEEGPAIFERLTAELLDVMAKKGYQTLDEFRGKVRTLD
seq-33,NIPGAILHSLAELQDGLNAMIDPSWRAVRSLDNWALAITMESTELLDSYPWKWWKNLNATPDLANVRIELVDIFHFSLSGAMQMRSTPDDEIPAASLKPLKEVMTTFLPAKECTSDPYGFVFFPLTDTQNAIASFRNIIQLANAYRFDVIIECIIYAAEDLGFNLVAYYIAKHTLNCIRQLSGYKDGSYVKVNNGVEDNSLLHNCIKDVSLDEVLDADKYVQAWNSIMANVYEAFQIKESDRKDAERWFALAKENRL
seq-0,YPIINFTTAGATVQSYTNFIRAVRGRLTTGADVRHEIPVLPNRVGLPINQRFILVELSNHAELSVTLALDVTNAYVVGYRAGNSAYFFHPDNQEDAEAITHLFTDVQNRYTFAFGGNYDRLEQLAGNLRENIELGNGPLEEAISALYYYSTGGTQLPTLARSFIICIQMISEAARFQYIEGEMRTRIRYNRRSAPDPSVITLENSWGRLSTAIQESNQGAFASPIQLQRRNGSKFSVYDVSILIPIIALMVYRCA
seq-2,QYPIINFTTAGATVQSYTNFIRAVRGRLTTGADVRHEIPVLPNRVGLPINQRFILVELSNHAELSVTLALDVTNAYVVGYRAGNSAYFFHPDNQEDAEAITHLFTDVQNRYTFAFGGNYDRLEQLAGNLRENIELGNGPLEEAISALYYYSTGGTQLPTLARSFIICIQMISEAARFQYIEGEMRTRIRYNRRSAPDPSVITLENSWGRLSTAIQESNQGAFASPIQLQRRNGSKFSVYDVSILIPIIALMVYRCAPPP
seq-0,YPIINFTTAGATVQSYTNFIRAVRGRLTTGADVRHEIPVLPNRVGLPINQRFILVELSNHAELSVTLALDVTNAYVVGYRAGNSAYFFHPDNQEDAEAITHLFTDVQNRYTFAFGGNYDRLEQLAGNLRENIELGNGPLEEAISALYYYSTGGTQLPTLARSFIICIQMISEAARFQYIEGEMRTRIRYNRRSAPDPSVITLENSWGRLSTAIQESNQGAFASPIQLQRRNGSKFSVYDVSILIPIIALMVYRCA
seq-34,SLKEIGPNSLLLEDSHSLSQLLKKNYRWYSPIFSPRNVPRFADVSSITESPETLKAIRDFLVERYRTMSPAPTHILGFDARGFLFGPMIAVELGIPFVLMRKADKNAGLLIRSEPYEKEYKEAAPEVMTIRHGSIGKNSRVVLIDDVLATGGTALSGLQLVEASGAEVVEMVSILTIPFLKAAERIHSTAGGRYKNVRFIGLLSEDVLTEANCGDL
seq-20,GVTDSSLLNLPAWKRLQSLYEKYGNDSILSHFEKDHQRFQRYSIEIDLHSDDNFLFLDYSKSHINDEIKDALVALAEERGVRAFAKAMFDGQRVNSTENRAVLHVALRNRSNRPIIVDGKDVMSDVNNVLAQMKDFTERVRSGEWKGQTGKSIYNIVNIGIGGSDLGPVMVTEALKPFSKRDLHCFFVSNVDGTHMAEVLKQVNLEETIFIIASKTFTTQETLTNAMSARNALMSYLKENGISTDGAVAKHFVALSTNTEKVREFGIDTVNMFAFWDWVGGRYSVWSAIGLSVMLSIGYDNFVEFLTGAHVMDNHFASTPTEQNLPMMLALVGIWYNNFFGSETQAVLPYDQYLWRLPAYLQQLDMESNGKGVTKKSGAVAVQTGPIVFGEAGTNGQHAFYQLIHQGTKIIPCDFIGCVQTQNRVGDHHRTLMSNFFAQTEALMVGKNAEEVRQELVKSGMSGDAIENMIPHKTFTGSRPSNSILVNALTPRALGAIIAMYEHKVLVQGAIWGINSYDQWGVELGKVLAKSILPQLKSGNIVSDHDGSTNGLINMFNTRAH
seq-21,SAKPQPIAAANWKCNGTTASIEKLVQVFNEHTISHDVQCVVAPTFVHIPLVQAKLRNPKYVISAENAIAKSGAFTGEVSMPILKDIGVHWVILGHSERRTYYGETDEIVAQKVSEACKQGFMVIACIGETLQQREANQTAKVVLSQTSAIAAKLTKDAWNQVVLAYEPVWAIGTGKVATPEQAQEVHLLLRKWVSENIGTDVAAKLRILYGGSVNAANAATLYAKPDINGFLVGGASLKPEFRDIIDATR
seq-35,HMTIRVMLQAMDQGHLLVNNVDKYVRAGRGVMVYIAFLSDRDSAPITDEALRHAVGVLLHTKIFTHFSPEKMINQPQSLEECPEMDILIVPQASLGGKVKGRSVQFHQLVAKDVGAALYDRFCHFVRVARGVDESRVDANGAPRSEGDAPKAEGWIKYNSRVISGTFGNRQGLRFESEGPFTHMFDI
seq-0,YPIINFTTAGATVQSYTNFIRAVRGRLTTGADVRHEIPVLPNRVGLPINQRFILVELSNHAELSVTLALDVTNAYVVGYRAGNSAYFFHPDNQEDAEAITHLFTDVQNRYTFAFGGNYDRLEQLAGNLRENIELGNGPLEEAISALYYYSTGGTQLPTLARSFIICIQMISEAARFQYIEGEMRTRIRYNRRSAPDPSVITLENSWGRLSTAIQESNQGAFASPIQLQRRNGSKFSVYDVSILIPIIALMVYRCA
seq-2,QYPIINFTTAGATVQSYTNFIRAVRGRLTTGADVRHEIPVLPNRVGLPINQRFILVELSNHAELSVTLALDVTNAYVVGYRAGNSAYFFHPDNQEDAEAITHLFTDVQNRYTFAFGGNYDRLEQLAGNLRENIELGNGPLEEAISALYYYSTGGTQLPTLARSFIICIQMISEAARFQYIEGEMRTRIRYNRRSAPDPSVITLENSWGRLSTAIQESNQGAFASPIQLQRRNGSKFSVYDVSILIPIIALMVYRCAPPP
seq-36,VPDAVDWREKGAVTPVKDQGACGSCWAFSAVGNIEGQWYLAGHELVSLSEQQLVSCDDMDNGCSGGLMLQAFDWLLQNTNGHLHTEDSYPYVSGNGYVPECSNSSELVVGAQIDGHVLIGSSEKAMAAWLAKNGPIAIALDASSFMSYKSGVLTACIGKQLNHGVLLVGYDMTGEVPYWVIKNSWGGDWGEQGYVRVVMGVNACLLSEYPVSAHVR
seq-13,PFKEVSPNSFLLDDSHALSQLLKKSYRWYSPVFSPRNVPRFADVSSITESPETLKAIRDFLVQRYRAMSPAPTHILGFDARGFLFGPMIAVELEIPFVLMRKADKNAGLLIRSEPYEKEYKEAAPEVMTIRYGSIGKGSRVVLIDDVLATGGTALSGLQLVEASDAVVVEMVSILSIPFLKAAEKIHSTANSRYKDIKFISLLSDDALTEENCGDSKNYTGPRVLSCGDVLAEHPH
seq-22,APIKVGINGFGRIGRMVFQAICDQGLIGTEIDVVAVVDMSTNAEYFAYQMKHDTVHGRPKYTVEAVKSSPSVETADVLVVNGHRIKCVKAQRNPADLPWGKLGVDYVIESTGLFTDKLKAEGHIKGGAKKVVISAPASGGAKTIVMGVNQHEYSPASHHVVSNASCTTNCLAPIVHVLTKENFGIETGLMTTIHSYTATQKTVDGVSLKDWRGGRAAAVNIIPSTTGAAKAVGMVIPSTKGKLTGMSFRVPTPDVSVVDLTFRATRDTSIQEIDKAIKKAAQTYMKGILGFTDEELVSADFINDNRSSVYDSKATLQNNLPGEKRFFKVVSWYDNEWAYSHRVVDLVRYMAAKDAASS
seq-37,MAISGVTLEESVRGAIDDLRMKKSRYVMMCIGADGKKIEVTEVGERSVNYTDLKEKFSTEKPCYVAFDFEYNDAGSKREKLILIQWIPDTARPREKMMYSASRDALSSVSEGYLPIQANDESGLDAEEIIRKVRLHRSVAAALE
seq-1,ETMARKEWYDVVAPANFEKRQFAKTICNKTQGTRIAADVLRGRVFEANLADLNQSAGEEEAYRKVRFTVQEVQGRNLLTQFHSMEVTTDKMASLLRKWCTTMETTVEVKTADGYTMRLFVVAFTKPQANQQSRNCYAKQRLVKWLRMRITKMIKRRLSKVQIKEAVSLLTRNVLSDALVRRCNPILPLRELRIRKVRVVRTPKFDAQALLSAHGTIPASVEADQR
seq-12,HPRPLPAGKHAHRQSLETIPEVAELYHCIYKLYNEEESSVWFREPVNALAQEIFTYYDVVKSPMSLRHILDNIVKGDTYSTALQVMEDVELIWKNCITFNGANSLLATEAGKCRSALDRIRRAYQ
seq-14,SEEPPFDIRALRADIEDMISEKLELGPSLIRLAWHEAASYDCFKKDGSPNSASMRFKPECLYAGNKGLDIPRKALETLKKKYPQISYADLWVLAAYVAIEYMGGPTIPFCWGRVDAKDGSVCGPDGRLPDGSKTQSHVREVFRRLGFNDQETVALIGAHTCGECHIEFSGYHGPWTHDKNGFDNSFFTQLLDEDWVLNPKVEQMQLMDRATTKLMMLPSDVCLLLDPSYRKYVELYAKDNDRFNKDFANAFKKLTELGTRNLHKAPAS
seq-38,GSHMPFLQTIVSVSLDDQKRANLSAAYGMICREELGKPEDFVMTAFSDKTPISFQGSTAPAAYVRVESWGEYAPSKPKMMTPRIAAAITKECGIPAERIYVFYYSTKHCGWNGTNF
seq-39,PVIQTFVSTPLDHHKRENLAQVYRAVTRDVLGKPEDLVMMTFHDSTPMHFFGSTDPVACVRVEALGGYGPSEPEKVTSIVTAAITKECGIVADRIFVLYFSPLHCGWNGTNF
seq-1,ETMARKEWYDVVAPANFEKRQFAKTICNKTQGTRIAADVLRGRVFEANLADLNQSAGEEEAYRKVRFTVQEVQGRNLLTQFHSMEVTTDKMASLLRKWCTTMETTVEVKTADGYTMRLFVVAFTKPQANQQSRNCYAKQRLVKWLRMRITKMIKRRLSKVQIKEAVSLLTRNVLSDALVRRCNPILPLRELRIRKVRVVRTPKFDAQALLSAHGTIPASVEADQR
seq-40,NYTYIKPEELVELLDNPDSLVKAAVIDCRDSDRDCGFIVNSINMPTISCTEEMYEKLAKTLFEEKKELAVFHCAQSLVRAPKGANRFALAQKKLGYVLPAVYVLRGGWEAFYHMYGDVRPDLMYVKLGPEQKLISEEDLNSAVDH
seq-41,SNRRREMDYMRLCNSTRKVYPSDTVAEFWVEFKGPEGTPYEDGTWMLHVQLPSDYPFKSPSIGFCNRILHPNVDERSGSVCLDVINQTWTPMYQLENIFDVFLPQLLRYPNPSDPLNVQAAHLLHADRVGFDALLREHVSTHATPQKALESIPEAYRP
seq-42,AHAFWSTQPVPQTEDETEKIVFAGPMDEPKTVADIPEEPYPIASTFEWWTPNMEAADDIHAIYELLRDNYVEDDDSMFRFNYSEEFLQWALCPPNYIPDWHVAVRRKADKKLLAFIAGVPVTLRMGTPKYMKVKAQEKGEGEEAAKYDEPRHICEINFLCVHKQLREKRLAPILIKEATRRVNRTNVWQAVYTAGVLLPTPYASGQYFHRSLNPEKLVEIRFSGIPAQYQKFQNPMAMLKRNYQLPSAPKNSGLREMKPSDVPQVRRILMNYLDSFDVGPVFSDAEISHYLLPRDGVVFTYVVENDKKVTDFFSFYRIPSTVIGNSNYNLLNAAYVHYYAATSIPLHQLILDLLIVAHSRGFDVCNMVEILDNRSFVEQLKFGAGDGHLRYYFYNWAYPKIKPSQVALVML
seq-2,QYPIINFTTAGATVQSYTNFIRAVRGRLTTGADVRHEIPVLPNRVGLPINQRFILVELSNHAELSVTLALDVTNAYVVGYRAGNSAYFFHPDNQEDAEAITHLFTDVQNRYTFAFGGNYDRLEQLAGNLRENIELGNGPLEEAISALYYYSTGGTQLPTLARSFIICIQMISEAARFQYIEGEMRTRIRYNRRSAPDPSVITLENSWGRLSTAIQESNQGAFASPIQLQRRNGSKFSVYDVSILIPIIALMVYRCAPPP
seq-43,ASDAALADATRRELEEEMGRSDKPEQPTPPAGWQVVRKPGTCTFDLTKSFEGEDLVVRYSTNQDSDKANSHNIFVYITQKNGQTMQADLSIEEGELVLNNIRFYDEAALAKDTGAEAEAKRNELYTGPLVHELDYDLLNCVMTYLEKRGVDEKLGEFVVLYSFWAEQQDYEAWLTTMNKFAS
seq-1,ETMARKEWYDVVAPANFEKRQFAKTICNKTQGTRIAADVLRGRVFEANLADLNQSAGEEEAYRKVRFTVQEVQGRNLLTQFHSMEVTTDKMASLLRKWCTTMETTVEVKTADGYTMRLFVVAFTKPQANQQSRNCYAKQRLVKWLRMRITKMIKRRLSKVQIKEAVSLLTRNVLSDALVRRCNPILPLRELRIRKVRVVRTPKFDAQALLSAHGTIPASVEADQR
seq-1,ETMARKEWYDVVAPANFEKRQFAKTICNKTQGTRIAADVLRGRVFEANLADLNQSAGEEEAYRKVRFTVQEVQGRNLLTQFHSMEVTTDKMASLLRKWCTTMETTVEVKTADGYTMRLFVVAFTKPQANQQSRNCYAKQRLVKWLRMRITKMIKRRLSKVQIKEAVSLLTRNVLSDALVRRCNPILPLRELRIRKVRVVRTPKFDAQALLSAHGTIPASVEADQR
seq-1,ETMARKEWYDVVAPANFEKRQFAKTICNKTQGTRIAADVLRGRVFEANLADLNQSAGEEEAYRKVRFTVQEVQGRNLLTQFHSMEVTTDKMASLLRKWCTTMETTVEVKTADGYTMRLFVVAFTKPQANQQSRNCYAKQRLVKWLRMRITKMIKRRLSKVQIKEAVSLLTRNVLSDALVRRCNPILPLRELRIRKVRVVRTPKFDAQALLSAHGTIPASVEADQR
seq-44,SAQIIDGKAIAAAIRSELKDKVAALRELYGGRVPGLASIIVGQRMDSKKYVQLKHKAAAEVGMASFNVELPEDISQEVLEVNVEKLNNDPNCHGIIVQLPLPKHLNENRAIEKIHPHKDADALLPVNVGLLHYKGREPPFTPCTAKGVIVLLKRCGIEMAGKRAVVLGRSNIVGAPVAALLMKENATVTIVHSGTSTEDMIDYLRTADIVIAAMGQPGYVKGEWIKEGAAVVDVGTTPVPDPSRKDGYRLVGDVCFEEAAARAAWISPVPGGVGPMTIAMLLENTLEAFKAALGVS
seq-45,AEFNFVPLVSKVSHKETKYRLLTKDYVSVVQPGAGLPEMLRVDPAALTLLSSTAFDDVEHLLRSSHLMSLRKIFDDPEASDNDKFVALQLLKNANISSARLLPGCQDTGTAIIAGYRGDQVFVPGNDEEALSRGVYDIFQKRNFRYSQNVPLSMYDEKNTGTNLPAQIDLYASKGMEYSFMFVAKGGGSANKSFLLQETKSVLNPKSLRNFLKEKLAMFGTSACPPYHVAVVIGGTSAEMTMKVLKYASCHYYDDLITKPDMKTGYTFRDLELEEEVLKVCQNIGMGAQFGGKYYAHDVRVIRMPRHGASCPIGIGVSCSADRQALGKINKDGVWLEELEMEPSQYLPDLKEDELLKTPAVMVNLNRPMPEVLQELSKHPVRTRLSLTGTIIVARDSAHARMREMLEAGKPLPQYMKEHPVYYAGPAKQPDGLPSGSFGPTTAGRMDPFVDLFQSHGGSMVMLAKGNRSKQVTKACHKYGGFYLGSIGGPAAVLAQNAIKKVECLDMKDLGMEAVWRIEVENFPAFIVVDDKGNDFFEQL
seq-46,MTNPKVFFDISIDNKAAGRIVMELYADTVPKTAENFRALCTGEKGKGRSGKPLHYKSSVFHRVIPNFMIQGGDFTRGNGTGGESIYGTTFRDESFSGKAGRHTGLGCLSMANAGPNTNGSQFFICTAATPWLDGKHVVFGRVIDGLDVVKKVERLGSSSGKTRSRIVVSDCGEVAADKS
seq-47,AHMERFQKVYEEVQEFLLGDAEKRFEMDVHRKGYLKSMMDTTCLGGKYNRGLCVVDVAEAMAKDTQMDAAAMERVLHDACVCGWMIEMLQAHFLVEDDIMDHSKTRRGKPCWYLHPGVTAQVAINDGLILLAWATQMALHYFADRPFLAEVLRVFHDVDLTTTIGQLYDVTSMVDSAKLDAKVAHANTTDYVEYTPFNHRRIVVYKTAYYTYWLPLVMGLLVSGTLEKVDKKATHKVAMVMGEYFQVQDDVMDCFTPPEKLGKIGTDIEDAKCSWLAVTFLTTAPAEKVAEFKANYGSTDPAAVAVIKQLYTEQNLLARFEEYEKAVVAEVEQLIAALEAQNAAFAASVKVLWSKTYKRQK
seq-3,FQQPNYTANFVQSTFNALHRQGAVPDVLVVGGDGRYYTSEAVQVILKVSAANGVRCVWVGQHGLLSTPAVSTMVRRRRDADGRKATGAFILTASHNPGGPDADFGIKYNSENGGPAPEKLTSQIYEETVKITHIKMAPTLPEVDIHTLGTYTFDDYNFQVEVVDSLADYAAYMQEVFDFEAIRALVQRLDFKVHVDSLHGVSGPYVDRIFHEGLGVPKTSLFRTNVLPDFGGCHPDPNLTYAADLVHVMGLLPDGNANPAMKHISTVPSFGVAFDGDADRNMILGCRFFVNPSDSLAVLAANADCVPFFTQSSSSGLKAVARSMPTSGAVDRVAAAHDFALFEVPTGWKFFGNLMDSKDLYGGKDFNPLLCGEESFGTGSNHIREKDGIWASLFWLSVIAKRNAPGTPLVGVQQIVEEHWATYGRNYYSRYDYEDVSAEAAKAVMDTVENTVVDDVPNLNGVACKTIDNFSYTDPIDGSVSTKQGVRVLFEDGSRFVLRLSGTGSSGATIRLYLEQYMDSATVKSHLAEKTLPTASTALKALIGVALQVSKMESLTGRKTPTVIT
seq-48,KSLSAAAQACVKKMRDAKVNEACIRTFIAQHVMVSKGETGSIPDSAIMPVDSLDALDSLTIECDNAVLQSTVVLKLNGGLGTGMGLCDAKTLLEVKDGKTFLDFTALQVQYLRQHCSEHLRFMLMDSFNTSASTKSFLKARYPWLYQVFDSEVELMQNQVPKILQDTLEPAAWAENPAYEWAPPGHGDIYTALYGSGKLQELVEQGYRYMFVSNGDNLGATIDKRVLAYMEKEKIDFLMEVCRRTESDKKGGHLARQTVYVKGKDGQPDAEKRVLLLRESAQCPKADMESFQDINKYSFFNTNNLWIRLPVLLETMQEHGGTLPLPVIRNEKTVDSSNSASPKVYQLETAMGAAIAMFESASAIVVPRSRFAPVKTCADLLALRSDAYVVTDDFRLVLDDRCHGHPPVVDLDSAHYKMMNGFEKLVQHGVPSLVECKRVTVKGLVQFGAGNVLTGTVTIENTDSASAFVIPDGAKLNDTTASP
seq-49,WLASLKQTLGLLPADRKIRVLMLGLDNAGKTSILYRLHLGDVVTTVPTVGVNLETLQYKNISFEVWDLGGQTGVRPYWRCYFSDTDAVIYVVDSTDRDRMGVAKHELYALLDEDELRKSLLLIFANKQDLPDAASEAEIAEQLGVSSIMNRTWTIVKSSSKTGDGLVEGMDWLVERLREQG
seq-14,SEEPPFDIRALRADIEDMISEKLELGPSLIRLAWHEAASYDCFKKDGSPNSASMRFKPECLYAGNKGLDIPRKALETLKKKYPQISYADLWVLAAYVAIEYMGGPTIPFCWGRVDAKDGSVCGPDGRLPDGSKTQSHVREVFRRLGFNDQETVALIGAHTCGECHIEFSGYHGPWTHDKNGFDNSFFTQLLDEDWVLNPKVEQMQLMDRATTKLMMLPSDVCLLLDPSYRKYVELYAKDNDRFNKDFANAFKKLTELGTRNLHKAPAS
seq-0,YPIINFTTAGATVQSYTNFIRAVRGRLTTGADVRHEIPVLPNRVGLPINQRFILVELSNHAELSVTLALDVTNAYVVGYRAGNSAYFFHPDNQEDAEAITHLFTDVQNRYTFAFGGNYDRLEQLAGNLRENIELGNGPLEEAISALYYYSTGGTQLPTLARSFIICIQMISEAARFQYIEGEMRTRIRYNRRSAPDPSVITLENSWGRLSTAIQESNQGAFASPIQLQRRNGSKFSVYDVSILIPIIALMVYRCA
seq-2,QYPIINFTTAGATVQSYTNFIRAVRGRLTTGADVRHEIPVLPNRVGLPINQRFILVELSNHAELSVTLALDVTNAYVVGYRAGNSAYFFHPDNQEDAEAITHLFTDVQNRYTFAFGGNYDRLEQLAGNLRENIELGNGPLEEAISALYYYSTGGTQLPTLARSFIICIQMISEAARFQYIEGEMRTRIRYNRRSAPDPSVITLENSWGRLSTAIQESNQGAFASPIQLQRRNGSKFSVYDVSILIPIIALMVYRCAPPP
seq-50,MAANCIFCKIIKGDIPCAKVAETSKALAFMDINPLSRGHMLVIPKEHASCLHELGMEDAADVGVLLAKASRAVAGPDGSMQYNVLQNNGSLAHQEVPHVHFHIIPKTDEKTGLKIGWDTVKVASDELAEDAKRYSEAIAKI
seq-51,PTSTGVYAPSARHMNDNQELMEWFRAVDTDGSGAISVPELNAALSSAGVPFSLATTEKLLHMYDKNHSGEITFDEFKDLHHFILSMREGFRKRDSSGDGRLDSNEVRAALLSSGYQVSEQTFQALMRKFDRQRRGSLGFDDYVELSIFVCRVRNVFAFYDRERTGQVTFTFDTFIGGSVSIL
seq-52,SRLMPHYSKGKTAFLCVDLQEAFSKRIENFANCVFVANRLARLHELVPENTKYIVTEHYPKGLGRIVPGITLPQTAHLIEKTRFSCIVPQVEELLEDVDNAVVFGIEGHACILQTVADLLDMNKRVFLPKDGLGSQKKTDFKAAMKLMGSWSPNCEITTSESILLQMTKDAMDPNFKKISKLLKEEPPIPL
seq-1,ETMARKEWYDVVAPANFEKRQFAKTICNKTQGTRIAADVLRGRVFEANLADLNQSAGEEEAYRKVRFTVQEVQGRNLLTQFHSMEVTTDKMASLLRKWCTTMETTVEVKTADGYTMRLFVVAFTKPQANQQSRNCYAKQRLVKWLRMRITKMIKRRLSKVQIKEAVSLLTRNVLSDALVRRCNPILPLRELRIRKVRVVRTPKFDAQALLSAHGTIPASVEADQR
seq-53,SAMKRPRSNSIVEETAVSAYVQTCTNFKSNVTFTDISKVSCVAYHVLLVGALEQLRDNSLKSVLFYCPAVAEALQRVKAGSTVKTLAEVPGRKGYTEVMVTALPATTSRTNCPYRADSMSEAVAAACGSVEEGEVLDVYVCAPAGSETAVANAVARAAPHSYTAKAGQATKAYMKQAMSLNVVMSSRAAFTQELVRGKSVCVAELEAICTSVQLCQRLVDTPPCMLDTVVYAEIAAAYAAELGVDMTVIKGDELREKGYGGIYAVGKCAQYPAHLVTLRYRNPNAAEGAKNIAMVGKGIVYDCGGLALKPAAHMTNMKTDMGGSAGVFCAFIAVVRSMKMQRTHFSHIANISVTLCLAENAIGPHSYRNDDVVVMKSGKSVEVMNTDAEGRIVLGDGVYYATGEQDFVPDVLIDMATLTGAQGVATGSKHAGVYASDAEAEKDMISAGLQSGDLCYPVLYCPEYHEEVYKSPCADMRNIANSSSSAGSSCGGYFVEQHLSERFRGPFVHVDMAYPTSNTAGATGYGVTLVFEFLRQH
seq-54,CYHTLPHLRYPAELPTLGFNYKDGIQPVMSPRQLELHYSKHHSAYVDKLNTLGKGYEGKTIEEIILATTGINESKVMFNQAAQHFNHSFFWKCLSPGGKPMPKTLENAIAKQFGSVDDFMVSFQQAGVNNFGSGWTWLCVDPQTKELLIDSTSNAGCPLTSGLRPIFTADVWEHAYYKDFENRRADYLKELWQIVDWEFVCHMYERATK
seq-55,MGCGASSENSSVTYVNGRPTFVGEEVTKGFEKDNGLLFRIVNKKKKQWAYYNDTTQYEMHVLVTFNEDCDIKALGKTKLEQQENGEWVASVVVYPCETEMFIEGRVNGFKSKMDALPLSEEYRQHQAEKDK
seq-0,YPIINFTTAGATVQSYTNFIRAVRGRLTTGADVRHEIPVLPNRVGLPINQRFILVELSNHAELSVTLALDVTNAYVVGYRAGNSAYFFHPDNQEDAEAITHLFTDVQNRYTFAFGGNYDRLEQLAGNLRENIELGNGPLEEAISALYYYSTGGTQLPTLARSFIICIQMISEAARFQYIEGEMRTRIRYNRRSAPDPSVITLENSWGRLSTAIQESNQGAFASPIQLQRRNGSKFSVYDVSILIPIIALMVYRCA
seq-56,SRRMLHTMIRVGDLDRSIKFYTERLGMKVLRKWDVPEDKYTLVFLGYGPEMSSTVLELTYNYGVTSYKHDEAYGHIAIGVEDVKELVADMRKHDVPIDYEDESGFMAFVVDPDGYYIELLNEKTMMEKAEADMKEQGTA
seq-40,NYTYIKPEELVELLDNPDSLVKAAVIDCRDSDRDCGFIVNSINMPTISCTEEMYEKLAKTLFEEKKELAVFHCAQSLVRAPKGANRFALAQKKLGYVLPAVYVLRGGWEAFYHMYGDVRPDLMYVKLGPEQKLISEEDLNSAVDH
seq-57,VIAVTPEEREAVMSIDFGGAYDFTSPGFNLFEVREKYSEPMDAAAGVVYNLLWNSGLPEKFGCREQTLLNFILQCRRRYRRVPYHNFYHVVDVCQTLHTYLYTGKASELLTELECYVLLVTALVHDLDHMGVNNSFYLKTDSPLGILSSASGNNSVLEVHHCSLAIEILSDPAADVFEGLSGQDVAYAYRALIDCVLATDMAKHADALSRFTELATSGFEKDNDTHRRLVMETLIKAGDVSNVTKPFETSRMWAMAVTEEFYRQGDMEKEKGVEVLPMFDRSKNNELARGQIGFIDFVAGKFFRDIVGNLFHGMQWCVDTVNSNRAKWQEILDGR
seq-32,KKMSIVLAPFSGGQPHSGVELGPDYLLKQGLQQDMEKLGWDTRLERVFDGKVVEARKASDNGDRIGRVKRPRLTAECTEKIYKCVRRVAEQGRFPLTIGGDHSIALGTVAGVLSVHPDAGVIWVDAHADINTMSGTVSGNLHGCPLSILLGLDRENIPECFSWVPQVLKPNKIAYIGLRAVDDEEKKILHDLNIAAFSMHHVDRYGIDKVVSMAIEAVSPKGTEPVMVSYDVDTIDPLYVPATGTPVRGGLSFREALFLCERIAECGRLVALDVVECNPLLAATESHVNDTISVGCAIARCMMGETLLYTP
seq-31,GSHMIAPLSVKDNDKWVDTHVGKTTEIHLKGNPTTGYMWTRVGFVGKDVLSDEILEVVCKYTPTPSSTPMVGVGGIYVVLVKPRKRGHHTLELVYTRPFEGIKPENERYTLHLNVK
seq-24,LLLKPHKDLPRRTVLIVVMDGLGIGPEDDYDAVHMASTPFMDAHRRDNRHFRCVRAHGTAVGLPTDADMGNSEVGHNALGAGRVALQGASLVDDAIKSGEIYTGEGYRYLHGAFSKEGSTLHLIGLLSDGGVHSRDNQIYSIIEHAVKDGAKRIRVHALYDGRDVPDGSSFRFTDELEAVLAKVRQNGCDAAIASGGGRMFVTMDRYDADWSIVERGWRAQVLGDARHFHSAKEAITTFREEDPKVTDQYYPPFIVVDEQDKPLGTIEDGDAVLCVNFRGDRVIEMTRAFEDEDFNKFDRVRVPKVRYAGMMRYDGDLGIPNNFLVPPPKLTRVSEEYLCGSGLNIFACSETQKFGHVTYFWNGNRSGKIDEKHETFKEVPSDRVQFNEKPRMQSAAITEAAIEALKSGMYNVVRINFPNGDMVGHTGDLKATITGVEAVDESLAKLKDAVDSVNGVYIVTADHGNSDDMAQRDKKGKPMKDGNGNVLPLTSHTLSPVPVFIGGAGLDPRVAMRTDLPAAGLANVTATFINLLGFEAPEDYEPSLIYVE
seq-0,YPIINFTTAGATVQSYTNFIRAVRGRLTTGADVRHEIPVLPNRVGLPINQRFILVELSNHAELSVTLALDVTNAYVVGYRAGNSAYFFHPDNQEDAEAITHLFTDVQNRYTFAFGGNYDRLEQLAGNLRENIELGNGPLEEAISALYYYSTGGTQLPTLARSFIICIQMISEAARFQYIEGEMRTRIRYNRRSAPDPSVITLENSWGRLSTAIQESNQGAFASPIQLQRRNGSKFSVYDVSILIPIIALMVYRCA
seq-58,HMASIEKVANCIRCLAADIVQGGKSGHPGTPMGMAPMSAVLWTEVMKYNSQDPDWVDRDRFVMSNGHGCALQYALLHMAGYNLTMDDLKGFRQDGSRTPGHPERFVTPGVEVTTGPLGQGIANAVGLAIAEAHLAATFNRPGYNIVDHYTYVYCGDGCLMEGVCQEALSLAGHLALEKLIVIYDSNYISIDGSTSLSFTEQCHQKYVAMGFHVIEVKNGDTDYEGLRKALAEAKATKGKPKMIVQTTTIGFGSSKQGTEKVHGAPLGEEDIANIKAKFGRDPQKKYDVDDDVRAVFRMHIDKCSAEQKAWEELLAKYTAAFPAEGAAFVAQMRGELPSGWEAKLPTNSSAIATRKASENCLAVLFPAIPALMGGSADLTPSNLTRPASANLVDFSSSSKEGRYIRFGVREHAMCAILNGLDAHDGIIPFGGTFLNFIGYALGAVRLAAISHHRVIYVATHDSIGVGEDGPTHQPVELVAALRAMPNLQVIRPSDQTETSGAWAVALSSIHTPTVLCLSRQNTEPQSGSSIEGVRHGAYSVVDVPDLQLVIVASGSEVSLAVDAAKALSGELRVRVVSMPCQELFDAQPDTYRQAVLPAGVPVVSVEAYVSFGWEKYSHAHVGMSGFGASAPAGVLYKKFGITVEEVVRTGRELAKRFPDGTAPLKNSSFS
seq-17,TATVREAAPQFSGQAVVNGAIKDINMNDYKGKYIVLFFYPMDFTFVCPTEIIAFSDRHADFEKLNTQVVAVSCDSVYSHLAWVNTPRKKGGLGEMHIPVLADKSMEIARDYGVLIEESGIALRGLFIIDKKGILRHSTINDLPVGRNVDEALRVLEAFQYADENG
seq-29,KAILLFDVDGTLTPPRNPETHDMKEALLKARAAGFKLGVVGGSDFAKQKEQLGESILEDFDYVFSENGLLAYKDGKEFHRNSLLRALGNEKVVAFVKKCLHLIADLDIPVQRGTFVEFRNGMFNVSPIGRNCSQQERDEFENLDKERHIREKLIRELKEAFPDYQLAYSVGGQISFDVFPKGWDKTYCLQFVENDFETIHFFGDKTSEGGNDYEIFTDSRTIGHSVKTYKDTIAILEALLED
seq-1,ETMARKEWYDVVAPANFEKRQFAKTICNKTQGTRIAADVLRGRVFEANLADLNQSAGEEEAYRKVRFTVQEVQGRNLLTQFHSMEVTTDKMASLLRKWCTTMETTVEVKTADGYTMRLFVVAFTKPQANQQSRNCYAKQRLVKWLRMRITKMIKRRLSKVQIKEAVSLLTRNVLSDALVRRCNPILPLRELRIRKVRVVRTPKFDAQALLSAHGTIPASVEADQR
seq-1,ETMARKEWYDVVAPANFEKRQFAKTICNKTQGTRIAADVLRGRVFEANLADLNQSAGEEEAYRKVRFTVQEVQGRNLLTQFHSMEVTTDKMASLLRKWCTTMETTVEVKTADGYTMRLFVVAFTKPQANQQSRNCYAKQRLVKWLRMRITKMIKRRLSKVQIKEAVSLLTRNVLSDALVRRCNPILPLRELRIRKVRVVRTPKFDAQALLSAHGTIPASVEADQR
seq-22,APIKVGINGFGRIGRMVFQAICDQGLIGTEIDVVAVVDMSTNAEYFAYQMKHDTVHGRPKYTVEAVKSSPSVETADVLVVNGHRIKCVKAQRNPADLPWGKLGVDYVIESTGLFTDKLKAEGHIKGGAKKVVISAPASGGAKTIVMGVNQHEYSPASHHVVSNASCTTNCLAPIVHVLTKENFGIETGLMTTIHSYTATQKTVDGVSLKDWRGGRAAAVNIIPSTTGAAKAVGMVIPSTKGKLTGMSFRVPTPDVSVVDLTFRATRDTSIQEIDKAIKKAAQTYMKGILGFTDEELVSADFINDNRSSVYDSKATLQNNLPGEKRFFKVVSWYDNEWAYSHRVVDLVRYMAAKDAASS
seq-59,EAPNEKTLRIKVSALKRTIKDLEFAKREVERELQRLDTLCQSDPDRVPQQTKVVDEAQMMVPHSVNRIMASVKDLSDYLEKEGSTVSNEELLDLARATMADGQAAVS
seq-60,MSSERTFIAVKPDGVQRGLVGEIIARFERKGYKLVALKILQPTTEQAQGHYKDLCSKPFFPALVKYFSSGPIVCMVWEGKNVVKSGRVLLGATNPADSQPGTIRGDFAVDVGRNVCHGSDSVESAEREIAFWFKADEIA
seq-23,MSRVTVLQSQLPAYNRLKTPYESELIATVKKLTTPGKGLLAADESIGSCTKRFQPIGLSNTEEHRRQYRALMLEAEGFEQYISGVILHDETVGQKASNGQTFPEYLTARGVVPGIKTDMGLCPLLEGAEGEQMTEGLDGYVKRASAYYKKGCRFCKWRNVYKIQNGTVSESAVRFNAETLARYAILSQMSGLVPIVEPEVMIDGKHDIDTCQRVSEHVWREVVAALQRHGVIWEGCLLKPNMVVPGAESGKTAAPEQVAHYTVMTLARTMPAMLPGVMFLSGGLSEVQASEYLNAINNSPLPRPYFLSFSYARALQSSALKAWGGKESGLAAGRRAFLHRARMNSMAQLGKYKRSDD
