pdb,seq
A0A0,YPIINFTTAGATVQSYTNFIRAVRGRLTTGADVRHEIPVLPNRVGLPINQRFILVELSNHAELSVTLALDVTNAYVVGYRAGNSAYFFHPDNQEDAEAITHLFTDVQNRYTFAFGGNYDRLEQLAGNLRENIELGNGPLEEAISALYYYSTGGTQLPTLARSFIICIQMISEAARFQYIEGEMRTRIRYNRRSAPDPSVITLENSWGRLSTAIQESNQGAFASPIQLQRRNGSKFSVYDVSILIPIIALMVYRCA
A0A0,ETMARKEWYDVVAPANFEKRQFAKTICNKTQGTRIAADVLRGRVFEANLADLNQSAGEEEAYRKVRFTVQEVQGRNLLTQFHSMEVTTDKMASLLRKWCTTMETTVEVKTADGYTMRLFVVAFTKPQANQQSRNCYAKQRLVKWLRMRITKMIKRRLSKVQIKEAVSLLTRNVLSDALVRRCNPILPLRELRIRKVRVVRTPKFDAQALLSAHGTIPASVEADQR
A0A0,QYPIINFTTAGATVQSYTNFIRAVRGRLTTGADVRHEIPVLPNRVGLPINQRFILVELSNHAELSVTLALDVTNAYVVGYRAGNSAYFFHPDNQEDAEAITHLFTDVQNRYTFAFGGNYDRLEQLAGNLRENIELGNGPLEEAISALYYYSTGGTQLPTLARSFIICIQMISEAARFQYIEGEMRTRIRYNRRSAPDPSVITLENSWGRLSTAIQESNQGAFASPIQLQRRNGSKFSVYDVSILIPIIALMVYRCAPPP
A0A0,YPIINFTTAGATVQSYTNFIRAVRGRLTTGADVRHEIPVLPNRVGLPINQRFILVELSNHAELSVTLALDVTNAYVVGYRAGNSAYFFHPDNQEDAEAITHLFTDVQNRYTFAFGGNYDRLEQLAGNLRENIELGNGPLEEAISALYYYSTGGTQLPTLARSFIICIQMISEAARFQYIEGEMRTRIRYNRRSAPDPSVITLENSWGRLSTAIQESNQGAFASPIQLQRRNGSKFSVYDVSILIPIIALMVYRCA
A0A0,ETMARKEWYDVVAPANFEKRQFAKTICNKTQGTRIAADVLRGRVFEANLADLNQSAGEEEAYRKVRFTVQEVQGRNLLTQFHSMEVTTDKMASLLRKWCTTMETTVEVKTADGYTMRLFVVAFTKPQANQQSRNCYAKQRLVKWLRMRITKMIKRRLSKVQIKEAVSLLTRNVLSDALVRRCNPILPLRELRIRKVRVVRTPKFDAQALLSAHGTIPASVEADQR
A0A0,QYPIINFTTAGATVQSYTNFIRAVRGRLTTGADVRHEIPVLPNRVGLPINQRFILVELSNHAELSVTLALDVTNAYVVGYRAGNSAYFFHPDNQEDAEAITHLFTDVQNRYTFAFGGNYDRLEQLAGNLRENIELGNGPLEEAISALYYYSTGGTQLPTLARSFIICIQMISEAARFQYIEGEMRTRIRYNRRSAPDPSVITLENSWGRLSTAIQESNQGAFASPIQLQRRNGSKFSVYDVSILIPIIALMVYRCAPPP
A0A0,ETMARKEWYDVVAPANFEKRQFAKTICNKTQGTRIAADVLRGRVFEANLADLNQSAGEEEAYRKVRFTVQEVQGRNLLTQFHSMEVTTDKMASLLRKWCTTMETTVEVKTADGYTMRLFVVAFTKPQANQQSRNCYAKQRLVKWLRMRITKMIKRRLSKVQIKEAVSLLTRNVLSDALVRRCNPILPLRELRIRKVRVVRTPKFDAQALLSAHGTIPASVEADQR
A0A0,ETMARKEWYDVVAPANFEKRQFAKTICNKTQGTRIAADVLRGRVFEANLADLNQSAGEEEAYRKVRFTVQEVQGRNLLTQFHSMEVTTDKMASLLRKWCTTMETTVEVKTADGYTMRLFVVAFTKPQANQQSRNCYAKQRLVKWLRMRITKMIKRRLSKVQIKEAVSLLTRNVLSDALVRRCNPILPLRELRIRKVRVVRTPKFDAQALLSAHGTIPASVEADQR
A0A0,ETMARKEWYDVVAPANFEKRQFAKTICNKTQGTRIAADVLRGRVFEANLADLNQSAGEEEAYRKVRFTVQEVQGRNLLTQFHSMEVTTDKMASLLRKWCTTMETTVEVKTADGYTMRLFVVAFTKPQANQQSRNCYAKQRLVKWLRMRITKMIKRRLSKVQIKEAVSLLTRNVLSDALVRRCNPILPLRELRIRKVRVVRTPKFDAQALLSAHGTIPASVEADQR
A0A0,FQQPNYTANFVQSTFNALHRQGAVPDVLVVGGDGRYYTSEAVQVILKVSAANGVRCVWVGQHGLLSTPAVSTMVRRRRDADGRKATGAFILTASHNPGGPDADFGIKYNSENGGPAPEKLTSQIYEETVKITHIKMAPTLPEVDIHTLGTYTFDDYNFQVEVVDSLADYAAYMQEVFDFEAIRALVQRLDFKVHVDSLHGVSGPYVDRIFHEGLGVPKTSLFRTNVLPDFGGCHPDPNLTYAADLVHVMGLLPDGNANPAMKHISTVPSFGVAFDGDADRNMILGCRFFVNPSDSLAVLAANADCVPFFTQSSSSGLKAVARSMPTSGAVDRVAAAHDFALFEVPTGWKFFGNLMDSKDLYGGKDFNPLLCGEESFGTGSNHIREKDGIWASLFWLSVIAKRNAPGTPLVGVQQIVEEHWATYGRNYYSRYDYEDVSAEAAKAVMDTVENTVVDDVPNLNGVACKTIDNFSYTDPIDGSVSTKQGVRVLFEDGSRFVLRLSGTGSSGATIRLYLEQYMDSATVKSHLAEKTLPTASTALKALIGVALQVSKMESLTGRKTPTVIT
A0A1,ETMARKEWYDVVAPANFEKRQFAKTICNKTQGTRIAADVLRGRVFEANLADLNQSAGEEEAYRKVRFTVQEVQGRNLLTQFHSMEVTTDKMASLLRKWCTTMETTVEVKTADGYTMRLFVVAFTKPQANQQSRNCYAKQRLVKWLRMRITKMIKRRLSKVQIKEAVSLLTRNVLSDALVRRCNPILPLRELRIRKVRVVRTPKFDAQALLSAHGTIPASVEADQR
A0A1,QYPIINFTTAGATVQSYTNFIRAVRGRLTTGADVRHEIPVLPNRVGLPINQRFILVELSNHAELSVTLALDVTNAYVVGYRAGNSAYFFHPDNQEDAEAITHLFTDVQNRYTFAFGGNYDRLEQLAGNLRENIELGNGPLEEAISALYYYSTGGTQLPTLARSFIICIQMISEAARFQYIEGEMRTRIRYNRRSAPDPSVITLENSWGRLSTAIQESNQGAFASPIQLQRRNGSKFSVYDVSILIPIIALMVYRCAPPP
A0A1,ETMARKEWYDVVAPANFEKRQFAKTICNKTQGTRIAADVLRGRVFEANLADLNQSAGEEEAYRKVRFTVQEVQGRNLLTQFHSMEVTTDKMASLLRKWCTTMETTVEVKTADGYTMRLFVVAFTKPQANQQSRNCYAKQRLVKWLRMRITKMIKRRLSKVQIKEAVSLLTRNVLSDALVRRCNPILPLRELRIRKVRVVRTPKFDAQALLSAHGTIPASVEADQR
A0A1,ETMARKEWYDVVAPANFEKRQFAKTICNKTQGTRIAADVLRGRVFEANLADLNQSAGEEEAYRKVRFTVQEVQGRNLLTQFHSMEVTTDKMASLLRKWCTTMETTVEVKTADGYTMRLFVVAFTKPQANQQSRNCYAKQRLVKWLRMRITKMIKRRLSKVQIKEAVSLLTRNVLSDALVRRCNPILPLRELRIRKVRVVRTPKFDAQALLSAHGTIPASVEADQR
A0A1,ETMARKEWYDVVAPANFEKRQFAKTICNKTQGTRIAADVLRGRVFEANLADLNQSAGEEEAYRKVRFTVQEVQGRNLLTQFHSMEVTTDKMASLLRKWCTTMETTVEVKTADGYTMRLFVVAFTKPQANQQSRNCYAKQRLVKWLRMRITKMIKRRLSKVQIKEAVSLLTRNVLSDALVRRCNPILPLRELRIRKVRVVRTPKFDAQALLSAHGTIPASVEADQR
A0A1,ETMARKEWYDVVAPANFEKRQFAKTICNKTQGTRIAADVLRGRVFEANLADLNQSAGEEEAYRKVRFTVQEVQGRNLLTQFHSMEVTTDKMASLLRKWCTTMETTVEVKTADGYTMRLFVVAFTKPQANQQSRNCYAKQRLVKWLRMRITKMIKRRLSKVQIKEAVSLLTRNVLSDALVRRCNPILPLRELRIRKVRVVRTPKFDAQALLSAHGTIPASVEADQR
A0A1,QYPIINFTTAGATVQSYTNFIRAVRGRLTTGADVRHEIPVLPNRVGLPINQRFILVELSNHAELSVTLALDVTNAYVVGYRAGNSAYFFHPDNQEDAEAITHLFTDVQNRYTFAFGGNYDRLEQLAGNLRENIELGNGPLEEAISALYYYSTGGTQLPTLARSFIICIQMISEAARFQYIEGEMRTRIRYNRRSAPDPSVITLENSWGRLSTAIQESNQGAFASPIQLQRRNGSKFSVYDVSILIPIIALMVYRCAPPP
A0A1,YPIINFTTAGATVQSYTNFIRAVRGRLTTGADVRHEIPVLPNRVGLPINQRFILVELSNHAELSVTLALDVTNAYVVGYRAGNSAYFFHPDNQEDAEAITHLFTDVQNRYTFAFGGNYDRLEQLAGNLRENIELGNGPLEEAISALYYYSTGGTQLPTLARSFIICIQMISEAARFQYIEGEMRTRIRYNRRSAPDPSVITLENSWGRLSTAIQESNQGAFASPIQLQRRNGSKFSVYDVSILIPIIALMVYRCA
A0A3,YPIINFTTAGATVQSYTNFIRAVRGRLTTGADVRHEIPVLPNRVGLPINQRFILVELSNHAELSVTLALDVTNAYVVGYRAGNSAYFFHPDNQEDAEAITHLFTDVQNRYTFAFGGNYDRLEQLAGNLRENIELGNGPLEEAISALYYYSTGGTQLPTLARSFIICIQMISEAARFQYIEGEMRTRIRYNRRSAPDPSVITLENSWGRLSTAIQESNQGAFASPIQLQRRNGSKFSVYDVSILIPIIALMVYRCA
A0A3,ETMARKEWYDVVAPANFEKRQFAKTICNKTQGTRIAADVLRGRVFEANLADLNQSAGEEEAYRKVRFTVQEVQGRNLLTQFHSMEVTTDKMASLLRKWCTTMETTVEVKTADGYTMRLFVVAFTKPQANQQSRNCYAKQRLVKWLRMRITKMIKRRLSKVQIKEAVSLLTRNVLSDALVRRCNPILPLRELRIRKVRVVRTPKFDAQALLSAHGTIPASVEADQR
A0A3,ETMARKEWYDVVAPANFEKRQFAKTICNKTQGTRIAADVLRGRVFEANLADLNQSAGEEEAYRKVRFTVQEVQGRNLLTQFHSMEVTTDKMASLLRKWCTTMETTVEVKTADGYTMRLFVVAFTKPQANQQSRNCYAKQRLVKWLRMRITKMIKRRLSKVQIKEAVSLLTRNVLSDALVRRCNPILPLRELRIRKVRVVRTPKFDAQALLSAHGTIPASVEADQR
A0A3,ETMARKEWYDVVAPANFEKRQFAKTICNKTQGTRIAADVLRGRVFEANLADLNQSAGEEEAYRKVRFTVQEVQGRNLLTQFHSMEVTTDKMASLLRKWCTTMETTVEVKTADGYTMRLFVVAFTKPQANQQSRNCYAKQRLVKWLRMRITKMIKRRLSKVQIKEAVSLLTRNVLSDALVRRCNPILPLRELRIRKVRVVRTPKFDAQALLSAHGTIPASVEADQR
A0A3,ETMARKEWYDVVAPANFEKRQFAKTICNKTQGTRIAADVLRGRVFEANLADLNQSAGEEEAYRKVRFTVQEVQGRNLLTQFHSMEVTTDKMASLLRKWCTTMETTVEVKTADGYTMRLFVVAFTKPQANQQSRNCYAKQRLVKWLRMRITKMIKRRLSKVQIKEAVSLLTRNVLSDALVRRCNPILPLRELRIRKVRVVRTPKFDAQALLSAHGTIPASVEADQR
A0A3,ETMARKEWYDVVAPANFEKRQFAKTICNKTQGTRIAADVLRGRVFEANLADLNQSAGEEEAYRKVRFTVQEVQGRNLLTQFHSMEVTTDKMASLLRKWCTTMETTVEVKTADGYTMRLFVVAFTKPQANQQSRNCYAKQRLVKWLRMRITKMIKRRLSKVQIKEAVSLLTRNVLSDALVRRCNPILPLRELRIRKVRVVRTPKFDAQALLSAHGTIPASVEADQR
A0A3,ETMARKEWYDVVAPANFEKRQFAKTICNKTQGTRIAADVLRGRVFEANLADLNQSAGEEEAYRKVRFTVQEVQGRNLLTQFHSMEVTTDKMASLLRKWCTTMETTVEVKTADGYTMRLFVVAFTKPQANQQSRNCYAKQRLVKWLRMRITKMIKRRLSKVQIKEAVSLLTRNVLSDALVRRCNPILPLRELRIRKVRVVRTPKFDAQALLSAHGTIPASVEADQR
A0A3,ETMARKEWYDVVAPANFEKRQFAKTICNKTQGTRIAADVLRGRVFEANLADLNQSAGEEEAYRKVRFTVQEVQGRNLLTQFHSMEVTTDKMASLLRKWCTTMETTVEVKTADGYTMRLFVVAFTKPQANQQSRNCYAKQRLVKWLRMRITKMIKRRLSKVQIKEAVSLLTRNVLSDALVRRCNPILPLRELRIRKVRVVRTPKFDAQALLSAHGTIPASVEADQR
A0A3,QYPIINFTTAGATVQSYTNFIRAVRGRLTTGADVRHEIPVLPNRVGLPINQRFILVELSNHAELSVTLALDVTNAYVVGYRAGNSAYFFHPDNQEDAEAITHLFTDVQNRYTFAFGGNYDRLEQLAGNLRENIELGNGPLEEAISALYYYSTGGTQLPTLARSFIICIQMISEAARFQYIEGEMRTRIRYNRRSAPDPSVITLENSWGRLSTAIQESNQGAFASPIQLQRRNGSKFSVYDVSILIPIIALMVYRCAPPP
A0A3,QYPIINFTTAGATVQSYTNFIRAVRGRLTTGADVRHEIPVLPNRVGLPINQRFILVELSNHAELSVTLALDVTNAYVVGYRAGNSAYFFHPDNQEDAEAITHLFTDVQNRYTFAFGGNYDRLEQLAGNLRENIELGNGPLEEAISALYYYSTGGTQLPTLARSFIICIQMISEAARFQYIEGEMRTRIRYNRRSAPDPSVITLENSWGRLSTAIQESNQGAFASPIQLQRRNGSKFSVYDVSILIPIIALMVYRCAPPP
A0A3,YPIINFTTAGATVQSYTNFIRAVRGRLTTGADVRHEIPVLPNRVGLPINQRFILVELSNHAELSVTLALDVTNAYVVGYRAGNSAYFFHPDNQEDAEAITHLFTDVQNRYTFAFGGNYDRLEQLAGNLRENIELGNGPLEEAISALYYYSTGGTQLPTLARSFIICIQMISEAARFQYIEGEMRTRIRYNRRSAPDPSVITLENSWGRLSTAIQESNQGAFASPIQLQRRNGSKFSVYDVSILIPIIALMVYRCA
A0A3,QYPIINFTTAGATVQSYTNFIRAVRGRLTTGADVRHEIPVLPNRVGLPINQRFILVELSNHAELSVTLALDVTNAYVVGYRAGNSAYFFHPDNQEDAEAITHLFTDVQNRYTFAFGGNYDRLEQLAGNLRENIELGNGPLEEAISALYYYSTGGTQLPTLARSFIICIQMISEAARFQYIEGEMRTRIRYNRRSAPDPSVITLENSWGRLSTAIQESNQGAFASPIQLQRRNGSKFSVYDVSILIPIIALMVYRCAPPP
A0A3,YPIINFTTAGATVQSYTNFIRAVRGRLTTGADVRHEIPVLPNRVGLPINQRFILVELSNHAELSVTLALDVTNAYVVGYRAGNSAYFFHPDNQEDAEAITHLFTDVQNRYTFAFGGNYDRLEQLAGNLRENIELGNGPLEEAISALYYYSTGGTQLPTLARSFIICIQMISEAARFQYIEGEMRTRIRYNRRSAPDPSVITLENSWGRLSTAIQESNQGAFASPIQLQRRNGSKFSVYDVSILIPIIALMVYRCA
A0A3,PRKIILDCDPGIDDAVAILLAYGNPEIELLAITTVVGNQTLEKVTRNAQLVADVAGIVGVPIAAGCCKPLVRKVRTAPQIHGETGLGTVSYPSEFKTKLDKRHAVHLIIELIMSHEPKSITLVPTGGLTNIAMAARLEPRIVERVKEVVLMGGSCCIGNASPVAEFNIFVDPEAAHIVFNESWDVTMVGLDLTSQALATPEVLQRVKEVRTKPADFILKILEFYTKVYETQRNTYAKVHDPCAVAYVIDPTVMTTNRVPVNIELNGELTAGMTVTDFRYPRPEQCHTQVASKLDFSKYWDLVIDALQRIGDP
A0A3,ETMARKEWYDVVAPANFEKRQFAKTICNKTQGTRIAADVLRGRVFEANLADLNQSAGEEEAYRKVRFTVQEVQGRNLLTQFHSMEVTTDKMASLLRKWCTTMETTVEVKTADGYTMRLFVVAFTKPQANQQSRNCYAKQRLVKWLRMRITKMIKRRLSKVQIKEAVSLLTRNVLSDALVRRCNPILPLRELRIRKVRVVRTPKFDAQALLSAHGTIPASVEADQR
A0A3,ATVRDPAPQFSGKAVVDGAIKEINSNDYKGKYIVLFFYPMDFTFVCPTEIIAFSDRYLEFEKLNTQVIAVSCDSEYSHLAWVNTPRKKGGLGEMKIPVLADKSMEIARDYGVLIESAGIALRGLFVIDKKGTLRHSTINDLPVGRNVDEVLRVVEAFQYADEN
A0A3,ETMARKEWYDVVAPANFEKRQFAKTICNKTQGTRIAADVLRGRVFEANLADLNQSAGEEEAYRKVRFTVQEVQGRNLLTQFHSMEVTTDKMASLLRKWCTTMETTVEVKTADGYTMRLFVVAFTKPQANQQSRNCYAKQRLVKWLRMRITKMIKRRLSKVQIKEAVSLLTRNVLSDALVRRCNPILPLRELRIRKVRVVRTPKFDAQALLSAHGTIPASVEADQR
A0A3,ETMARKEWYDVVAPANFEKRQFAKTICNKTQGTRIAADVLRGRVFEANLADLNQSAGEEEAYRKVRFTVQEVQGRNLLTQFHSMEVTTDKMASLLRKWCTTMETTVEVKTADGYTMRLFVVAFTKPQANQQSRNCYAKQRLVKWLRMRITKMIKRRLSKVQIKEAVSLLTRNVLSDALVRRCNPILPLRELRIRKVRVVRTPKFDAQALLSAHGTIPASVEADQR
A0A3,QYPIINFTTAGATVQSYTNFIRAVRGRLTTGADVRHEIPVLPNRVGLPINQRFILVELSNHAELSVTLALDVTNAYVVGYRAGNSAYFFHPDNQEDAEAITHLFTDVQNRYTFAFGGNYDRLEQLAGNLRENIELGNGPLEEAISALYYYSTGGTQLPTLARSFIICIQMISEAARFQYIEGEMRTRIRYNRRSAPDPSVITLENSWGRLSTAIQESNQGAFASPIQLQRRNGSKFSVYDVSILIPIIALMVYRCAPPP
A0A3,SSERTFIAIKPDGVQRGLVGEIISRFERKGFKLVALKMLQPTTEQAQGHYKDLASKPFFEGLVKYFSSGPIVCMVWEGKNVVKSGRVLLGATNPADSQPGTIRGDYAVDVGRNVCHGSDSVESAQREVAFWFKVEEIASWT
A0A3,YFQGYNEADVAALVRSLDRAEDHHIFAVDVLETYPYLAESYTKVCPRRCDLATAAQKALEGAYSYDLRLEGLKADIALMASNCVAYNGPTSAYAETAAKFERYALEQIDAFVLEHN
A0A3,ETMARKEWYDVVAPANFEKRQFAKTICNKTQGTRIAADVLRGRVFEANLADLNQSAGEEEAYRKVRFTVQEVQGRNLLTQFHSMEVTTDKMASLLRKWCTTMETTVEVKTADGYTMRLFVVAFTKPQANQQSRNCYAKQRLVKWLRMRITKMIKRRLSKVQIKEAVSLLTRNVLSDALVRRCNPILPLRELRIRKVRVVRTPKFDAQALLSAHGTIPASVEADQR
A0A3,QYPIINFTTAGATVQSYTNFIRAVRGRLTTGADVRHEIPVLPNRVGLPINQRFILVELSNHAELSVTLALDVTNAYVVGYRAGNSAYFFHPDNQEDAEAITHLFTDVQNRYTFAFGGNYDRLEQLAGNLRENIELGNGPLEEAISALYYYSTGGTQLPTLARSFIICIQMISEAARFQYIEGEMRTRIRYNRRSAPDPSVITLENSWGRLSTAIQESNQGAFASPIQLQRRNGSKFSVYDVSILIPIIALMVYRCAPPP
A0A3,ETMARKEWYDVVAPANFEKRQFAKTICNKTQGTRIAADVLRGRVFEANLADLNQSAGEEEAYRKVRFTVQEVQGRNLLTQFHSMEVTTDKMASLLRKWCTTMETTVEVKTADGYTMRLFVVAFTKPQANQQSRNCYAKQRLVKWLRMRITKMIKRRLSKVQIKEAVSLLTRNVLSDALVRRCNPILPLRELRIRKVRVVRTPKFDAQALLSAHGTIPASVEADQR
A0A3,YPIINFTTAGATVQSYTNFIRAVRGRLTTGADVRHEIPVLPNRVGLPINQRFILVELSNHAELSVTLALDVTNAYVVGYRAGNSAYFFHPDNQEDAEAITHLFTDVQNRYTFAFGGNYDRLEQLAGNLRENIELGNGPLEEAISALYYYSTGGTQLPTLARSFIICIQMISEAARFQYIEGEMRTRIRYNRRSAPDPSVITLENSWGRLSTAIQESNQGAFASPIQLQRRNGSKFSVYDVSILIPIIALMVYRCA
A0A3,ETMARKEWYDVVAPANFEKRQFAKTICNKTQGTRIAADVLRGRVFEANLADLNQSAGEEEAYRKVRFTVQEVQGRNLLTQFHSMEVTTDKMASLLRKWCTTMETTVEVKTADGYTMRLFVVAFTKPQANQQSRNCYAKQRLVKWLRMRITKMIKRRLSKVQIKEAVSLLTRNVLSDALVRRCNPILPLRELRIRKVRVVRTPKFDAQALLSAHGTIPASVEADQR
A0A3,ETMARKEWYDVVAPANFEKRQFAKTICNKTQGTRIAADVLRGRVFEANLADLNQSAGEEEAYRKVRFTVQEVQGRNLLTQFHSMEVTTDKMASLLRKWCTTMETTVEVKTADGYTMRLFVVAFTKPQANQQSRNCYAKQRLVKWLRMRITKMIKRRLSKVQIKEAVSLLTRNVLSDALVRRCNPILPLRELRIRKVRVVRTPKFDAQALLSAHGTIPASVEADQR
A0A3,ETMARKEWYDVVAPANFEKRQFAKTICNKTQGTRIAADVLRGRVFEANLADLNQSAGEEEAYRKVRFTVQEVQGRNLLTQFHSMEVTTDKMASLLRKWCTTMETTVEVKTADGYTMRLFVVAFTKPQANQQSRNCYAKQRLVKWLRMRITKMIKRRLSKVQIKEAVSLLTRNVLSDALVRRCNPILPLRELRIRKVRVVRTPKFDAQALLSAHGTIPASVEADQR
A0A3,ETMARKEWYDVVAPANFEKRQFAKTICNKTQGTRIAADVLRGRVFEANLADLNQSAGEEEAYRKVRFTVQEVQGRNLLTQFHSMEVTTDKMASLLRKWCTTMETTVEVKTADGYTMRLFVVAFTKPQANQQSRNCYAKQRLVKWLRMRITKMIKRRLSKVQIKEAVSLLTRNVLSDALVRRCNPILPLRELRIRKVRVVRTPKFDAQALLSAHGTIPASVEADQR
A0A3,ETMARKEWYDVVAPANFEKRQFAKTICNKTQGTRIAADVLRGRVFEANLADLNQSAGEEEAYRKVRFTVQEVQGRNLLTQFHSMEVTTDKMASLLRKWCTTMETTVEVKTADGYTMRLFVVAFTKPQANQQSRNCYAKQRLVKWLRMRITKMIKRRLSKVQIKEAVSLLTRNVLSDALVRRCNPILPLRELRIRKVRVVRTPKFDAQALLSAHGTIPASVEADQR
A0A3,YPIINFTTAGATVQSYTNFIRAVRGRLTTGADVRHEIPVLPNRVGLPINQRFILVELSNHAELSVTLALDVTNAYVVGYRAGNSAYFFHPDNQEDAEAITHLFTDVQNRYTFAFGGNYDRLEQLAGNLRENIELGNGPLEEAISALYYYSTGGTQLPTLARSFIICIQMISEAARFQYIEGEMRTRIRYNRRSAPDPSVITLENSWGRLSTAIQESNQGAFASPIQLQRRNGSKFSVYDVSILIPIIALMVYRCA
A0A3,ETMARKEWYDVVAPANFEKRQFAKTICNKTQGTRIAADVLRGRVFEANLADLNQSAGEEEAYRKVRFTVQEVQGRNLLTQFHSMEVTTDKMASLLRKWCTTMETTVEVKTADGYTMRLFVVAFTKPQANQQSRNCYAKQRLVKWLRMRITKMIKRRLSKVQIKEAVSLLTRNVLSDALVRRCNPILPLRELRIRKVRVVRTPKFDAQALLSAHGTIPASVEADQR
A0A3,ETMARKEWYDVVAPANFEKRQFAKTICNKTQGTRIAADVLRGRVFEANLADLNQSAGEEEAYRKVRFTVQEVQGRNLLTQFHSMEVTTDKMASLLRKWCTTMETTVEVKTADGYTMRLFVVAFTKPQANQQSRNCYAKQRLVKWLRMRITKMIKRRLSKVQIKEAVSLLTRNVLSDALVRRCNPILPLRELRIRKVRVVRTPKFDAQALLSAHGTIPASVEADQR
A0A3,ETMARKEWYDVVAPANFEKRQFAKTICNKTQGTRIAADVLRGRVFEANLADLNQSAGEEEAYRKVRFTVQEVQGRNLLTQFHSMEVTTDKMASLLRKWCTTMETTVEVKTADGYTMRLFVVAFTKPQANQQSRNCYAKQRLVKWLRMRITKMIKRRLSKVQIKEAVSLLTRNVLSDALVRRCNPILPLRELRIRKVRVVRTPKFDAQALLSAHGTIPASVEADQR
A0A3,ETMARKEWYDVVAPANFEKRQFAKTICNKTQGTRIAADVLRGRVFEANLADLNQSAGEEEAYRKVRFTVQEVQGRNLLTQFHSMEVTTDKMASLLRKWCTTMETTVEVKTADGYTMRLFVVAFTKPQANQQSRNCYAKQRLVKWLRMRITKMIKRRLSKVQIKEAVSLLTRNVLSDALVRRCNPILPLRELRIRKVRVVRTPKFDAQALLSAHGTIPASVEADQR
A0A3,ETMARKEWYDVVAPANFEKRQFAKTICNKTQGTRIAADVLRGRVFEANLADLNQSAGEEEAYRKVRFTVQEVQGRNLLTQFHSMEVTTDKMASLLRKWCTTMETTVEVKTADGYTMRLFVVAFTKPQANQQSRNCYAKQRLVKWLRMRITKMIKRRLSKVQIKEAVSLLTRNVLSDALVRRCNPILPLRELRIRKVRVVRTPKFDAQALLSAHGTIPASVEADQR
A0A3,ETMARKEWYDVVAPANFEKRQFAKTICNKTQGTRIAADVLRGRVFEANLADLNQSAGEEEAYRKVRFTVQEVQGRNLLTQFHSMEVTTDKMASLLRKWCTTMETTVEVKTADGYTMRLFVVAFTKPQANQQSRNCYAKQRLVKWLRMRITKMIKRRLSKVQIKEAVSLLTRNVLSDALVRRCNPILPLRELRIRKVRVVRTPKFDAQALLSAHGTIPASVEADQR
A0A3,ETMARKEWYDVVAPANFEKRQFAKTICNKTQGTRIAADVLRGRVFEANLADLNQSAGEEEAYRKVRFTVQEVQGRNLLTQFHSMEVTTDKMASLLRKWCTTMETTVEVKTADGYTMRLFVVAFTKPQANQQSRNCYAKQRLVKWLRMRITKMIKRRLSKVQIKEAVSLLTRNVLSDALVRRCNPILPLRELRIRKVRVVRTPKFDAQALLSAHGTIPASVEADQR
A0A3,ETMARKEWYDVVAPANFEKRQFAKTICNKTQGTRIAADVLRGRVFEANLADLNQSAGEEEAYRKVRFTVQEVQGRNLLTQFHSMEVTTDKMASLLRKWCTTMETTVEVKTADGYTMRLFVVAFTKPQANQQSRNCYAKQRLVKWLRMRITKMIKRRLSKVQIKEAVSLLTRNVLSDALVRRCNPILPLRELRIRKVRVVRTPKFDAQALLSAHGTIPASVEADQR
A0A3,ETMARKEWYDVVAPANFEKRQFAKTICNKTQGTRIAADVLRGRVFEANLADLNQSAGEEEAYRKVRFTVQEVQGRNLLTQFHSMEVTTDKMASLLRKWCTTMETTVEVKTADGYTMRLFVVAFTKPQANQQSRNCYAKQRLVKWLRMRITKMIKRRLSKVQIKEAVSLLTRNVLSDALVRRCNPILPLRELRIRKVRVVRTPKFDAQALLSAHGTIPASVEADQR
A0A3,ETMARKEWYDVVAPANFEKRQFAKTICNKTQGTRIAADVLRGRVFEANLADLNQSAGEEEAYRKVRFTVQEVQGRNLLTQFHSMEVTTDKMASLLRKWCTTMETTVEVKTADGYTMRLFVVAFTKPQANQQSRNCYAKQRLVKWLRMRITKMIKRRLSKVQIKEAVSLLTRNVLSDALVRRCNPILPLRELRIRKVRVVRTPKFDAQALLSAHGTIPASVEADQR
A0A3,MDVSKRPREEFHKEQCLSFVKKLWAADTLAMFHYPVSATEVPGYYDVVDTPMDLSTIRKNIEQGKYRTDTEVENDVVLMLSNALDFNEKGSQWHDLAKQLKKRYLTLAQESGLSFDAD
A0A3,ETMARKEWYDVVAPANFEKRQFAKTICNKTQGTRIAADVLRGRVFEANLADLNQSAGEEEAYRKVRFTVQEVQGRNLLTQFHSMEVTTDKMASLLRKWCTTMETTVEVKTADGYTMRLFVVAFTKPQANQQSRNCYAKQRLVKWLRMRITKMIKRRLSKVQIKEAVSLLTRNVLSDALVRRCNPILPLRELRIRKVRVVRTPKFDAQALLSAHGTIPASVEADQR
A0A3,ETMARKEWYDVVAPANFEKRQFAKTICNKTQGTRIAADVLRGRVFEANLADLNQSAGEEEAYRKVRFTVQEVQGRNLLTQFHSMEVTTDKMASLLRKWCTTMETTVEVKTADGYTMRLFVVAFTKPQANQQSRNCYAKQRLVKWLRMRITKMIKRRLSKVQIKEAVSLLTRNVLSDALVRRCNPILPLRELRIRKVRVVRTPKFDAQALLSAHGTIPASVEADQR
A0A3,ETMARKEWYDVVAPANFEKRQFAKTICNKTQGTRIAADVLRGRVFEANLADLNQSAGEEEAYRKVRFTVQEVQGRNLLTQFHSMEVTTDKMASLLRKWCTTMETTVEVKTADGYTMRLFVVAFTKPQANQQSRNCYAKQRLVKWLRMRITKMIKRRLSKVQIKEAVSLLTRNVLSDALVRRCNPILPLRELRIRKVRVVRTPKFDAQALLSAHGTIPASVEADQR
A0A3,ETMARKEWYDVVAPANFEKRQFAKTICNKTQGTRIAADVLRGRVFEANLADLNQSAGEEEAYRKVRFTVQEVQGRNLLTQFHSMEVTTDKMASLLRKWCTTMETTVEVKTADGYTMRLFVVAFTKPQANQQSRNCYAKQRLVKWLRMRITKMIKRRLSKVQIKEAVSLLTRNVLSDALVRRCNPILPLRELRIRKVRVVRTPKFDAQALLSAHGTIPASVEADQR
A0A3,ETMARKEWYDVVAPANFEKRQFAKTICNKTQGTRIAADVLRGRVFEANLADLNQSAGEEEAYRKVRFTVQEVQGRNLLTQFHSMEVTTDKMASLLRKWCTTMETTVEVKTADGYTMRLFVVAFTKPQANQQSRNCYAKQRLVKWLRMRITKMIKRRLSKVQIKEAVSLLTRNVLSDALVRRCNPILPLRELRIRKVRVVRTPKFDAQALLSAHGTIPASVEADQR
A0A3,GKLPPVVHGTTPFVGHIIQFGKDPLGFMLKAKKKYGGIFTMNICGNRITVVGDVHQHSKFFTPRNEILSPREVYSFMVPVFGEGVAYAAPYPRMREQLNFLAEELTVAKFQNFAPSIQHEVRKFMKANWNKDEGEINILDDCSAMIINTACQCLFGEDLRKRLDARQFAQLLAKMESCLIPAAVFLPWILKLPLPQSYRCRDARAELQDILSEIIIAREKEEAQKDTNTSDLLAGLLGAVYRDGTRMSQHEVCGMIVAAMFAGQHTSTITTTWSLLHLMDPRNKRHLAKLHQEIDEFPAQLNYDNVMEEMPFAEQCARESIRRDPPLVMLMRKVLKPVQVGKYVVPEGDIIACSPLLSHQDEEAFPNPREWNPERNMKLVDGAFCGFGAGVHKCIGEKFGLLQVKTVLATVLRDYDFELLGPLPEPNYHTMVVGPTASQCRVKYIKKK
A0A3,RARNVRSHTGEYAPDILVVGSCFLDYVGYVDHMPQVGETMHSVSFHKGFGGKGANQAVAAGRLGAKVAMVSMVGTDGDGSDYIKELERNGVDTAYMFRTGKSSTGLAMILVDTKSSNNEIVICPNATNHFTPELLRAQTNNYERILHTGLKYLICQNEIPLPTTLDTIKEAHSRGVYTVFNSAPAPKPAEVEQIKPFLPYVSLFCPNEVEATLITGVKVTDTESAFSAIKALQQLGVRDVVITLGAAGFVLSENGAEPVHVTGKHVKAVDTTGAGDCFVGSMVYFMSRGRNLLEACKRANECAAISVTRKGTQLSYPHPSELPAGVM
A0A3,NIEGVFRKSFPDLAGETLLDSFNCAWVEGSALKQGYLFITPHWLCFQSTLAAAHFSIEYDEIKDIIKSKSVKMFENAIEVKTHLNDTIFLTNFLQRDQAYSALMSQWLK
A0A3,ETMARKEWYDVVAPANFEKRQFAKTICNKTQGTRIAADVLRGRVFEANLADLNQSAGEEEAYRKVRFTVQEVQGRNLLTQFHSMEVTTDKMASLLRKWCTTMETTVEVKTADGYTMRLFVVAFTKPQANQQSRNCYAKQRLVKWLRMRITKMIKRRLSKVQIKEAVSLLTRNVLSDALVRRCNPILPLRELRIRKVRVVRTPKFDAQALLSAHGTIPASVEADQR
A0A3,ETMARKEWYDVVAPANFEKRQFAKTICNKTQGTRIAADVLRGRVFEANLADLNQSAGEEEAYRKVRFTVQEVQGRNLLTQFHSMEVTTDKMASLLRKWCTTMETTVEVKTADGYTMRLFVVAFTKPQANQQSRNCYAKQRLVKWLRMRITKMIKRRLSKVQIKEAVSLLTRNVLSDALVRRCNPILPLRELRIRKVRVVRTPKFDAQALLSAHGTIPASVEADQR
A0A3,ETMARKEWYDVVAPANFEKRQFAKTICNKTQGTRIAADVLRGRVFEANLADLNQSAGEEEAYRKVRFTVQEVQGRNLLTQFHSMEVTTDKMASLLRKWCTTMETTVEVKTADGYTMRLFVVAFTKPQANQQSRNCYAKQRLVKWLRMRITKMIKRRLSKVQIKEAVSLLTRNVLSDALVRRCNPILPLRELRIRKVRVVRTPKFDAQALLSAHGTIPASVEADQR
A0A3,HPRPLPAGKHAHRQSLETIPEVAELYHCIYKLYNEEESSVWFREPVNALAQEIFTYYDVVKSPMSLRHILDNIVKGDTYSTALQVMEDVELIWKNCITFNGANSLLATEAGKCRSALDRIRRAYQ
A0A4,YPIINFTTAGATVQSYTNFIRAVRGRLTTGADVRHEIPVLPNRVGLPINQRFILVELSNHAELSVTLALDVTNAYVVGYRAGNSAYFFHPDNQEDAEAITHLFTDVQNRYTFAFGGNYDRLEQLAGNLRENIELGNGPLEEAISALYYYSTGGTQLPTLARSFIICIQMISEAARFQYIEGEMRTRIRYNRRSAPDPSVITLENSWGRLSTAIQESNQGAFASPIQLQRRNGSKFSVYDVSILIPIIALMVYRCA
A0A5,ETMARKEWYDVVAPANFEKRQFAKTICNKTQGTRIAADVLRGRVFEANLADLNQSAGEEEAYRKVRFTVQEVQGRNLLTQFHSMEVTTDKMASLLRKWCTTMETTVEVKTADGYTMRLFVVAFTKPQANQQSRNCYAKQRLVKWLRMRITKMIKRRLSKVQIKEAVSLLTRNVLSDALVRRCNPILPLRELRIRKVRVVRTPKFDAQALLSAHGTIPASVEADQR
A0A5,ETMARKEWYDVVAPANFEKRQFAKTICNKTQGTRIAADVLRGRVFEANLADLNQSAGEEEAYRKVRFTVQEVQGRNLLTQFHSMEVTTDKMASLLRKWCTTMETTVEVKTADGYTMRLFVVAFTKPQANQQSRNCYAKQRLVKWLRMRITKMIKRRLSKVQIKEAVSLLTRNVLSDALVRRCNPILPLRELRIRKVRVVRTPKFDAQALLSAHGTIPASVEADQR
A0A5,ETMARKEWYDVVAPANFEKRQFAKTICNKTQGTRIAADVLRGRVFEANLADLNQSAGEEEAYRKVRFTVQEVQGRNLLTQFHSMEVTTDKMASLLRKWCTTMETTVEVKTADGYTMRLFVVAFTKPQANQQSRNCYAKQRLVKWLRMRITKMIKRRLSKVQIKEAVSLLTRNVLSDALVRRCNPILPLRELRIRKVRVVRTPKFDAQALLSAHGTIPASVEADQR
A0A5,YFQGYNEADVAALVRSLDRAEDHHIFAVDVLETYPYLAESYTKVCPRRCDLATAAQKALEGAYSYDLRLEGLKADIALMASNCVAYNGPTSAYAETAAKFERYALEQIDAFVLEHN
A0A5,NIEGVFRKSFPDLAGETLLDSFNCAWVEGSALKQGYLFITPHWLCFQSTLAAAHFSIEYDEIKDIIKSKSVKMFENAIEVKTHLNDTIFLTNFLQRDQAYSALMSQWLK
A0A5,ETMARKEWYDVVAPANFEKRQFAKTICNKTQGTRIAADVLRGRVFEANLADLNQSAGEEEAYRKVRFTVQEVQGRNLLTQFHSMEVTTDKMASLLRKWCTTMETTVEVKTADGYTMRLFVVAFTKPQANQQSRNCYAKQRLVKWLRMRITKMIKRRLSKVQIKEAVSLLTRNVLSDALVRRCNPILPLRELRIRKVRVVRTPKFDAQALLSAHGTIPASVEADQR
A0A5,ETMARKEWYDVVAPANFEKRQFAKTICNKTQGTRIAADVLRGRVFEANLADLNQSAGEEEAYRKVRFTVQEVQGRNLLTQFHSMEVTTDKMASLLRKWCTTMETTVEVKTADGYTMRLFVVAFTKPQANQQSRNCYAKQRLVKWLRMRITKMIKRRLSKVQIKEAVSLLTRNVLSDALVRRCNPILPLRELRIRKVRVVRTPKFDAQALLSAHGTIPASVEADQR
A0A5,ETMARKEWYDVVAPANFEKRQFAKTICNKTQGTRIAADVLRGRVFEANLADLNQSAGEEEAYRKVRFTVQEVQGRNLLTQFHSMEVTTDKMASLLRKWCTTMETTVEVKTADGYTMRLFVVAFTKPQANQQSRNCYAKQRLVKWLRMRITKMIKRRLSKVQIKEAVSLLTRNVLSDALVRRCNPILPLRELRIRKVRVVRTPKFDAQALLSAHGTIPASVEADQR
A0A5,ETMARKEWYDVVAPANFEKRQFAKTICNKTQGTRIAADVLRGRVFEANLADLNQSAGEEEAYRKVRFTVQEVQGRNLLTQFHSMEVTTDKMASLLRKWCTTMETTVEVKTADGYTMRLFVVAFTKPQANQQSRNCYAKQRLVKWLRMRITKMIKRRLSKVQIKEAVSLLTRNVLSDALVRRCNPILPLRELRIRKVRVVRTPKFDAQALLSAHGTIPASVEADQR
A0A5,ETMARKEWYDVVAPANFEKRQFAKTICNKTQGTRIAADVLRGRVFEANLADLNQSAGEEEAYRKVRFTVQEVQGRNLLTQFHSMEVTTDKMASLLRKWCTTMETTVEVKTADGYTMRLFVVAFTKPQANQQSRNCYAKQRLVKWLRMRITKMIKRRLSKVQIKEAVSLLTRNVLSDALVRRCNPILPLRELRIRKVRVVRTPKFDAQALLSAHGTIPASVEADQR
A0A5,NIEGVFRKSFPDLAGETLLDSFNCAWVEGSALKQGYLFITPHWLCFQSTLAAAHFSIEYDEIKDIIKSKSVKMFENAIEVKTHLNDTIFLTNFLQRDQAYSALMSQWLK
A0A5,ETMARKEWYDVVAPANFEKRQFAKTICNKTQGTRIAADVLRGRVFEANLADLNQSAGEEEAYRKVRFTVQEVQGRNLLTQFHSMEVTTDKMASLLRKWCTTMETTVEVKTADGYTMRLFVVAFTKPQANQQSRNCYAKQRLVKWLRMRITKMIKRRLSKVQIKEAVSLLTRNVLSDALVRRCNPILPLRELRIRKVRVVRTPKFDAQALLSAHGTIPASVEADQR
A0A5,ETMARKEWYDVVAPANFEKRQFAKTICNKTQGTRIAADVLRGRVFEANLADLNQSAGEEEAYRKVRFTVQEVQGRNLLTQFHSMEVTTDKMASLLRKWCTTMETTVEVKTADGYTMRLFVVAFTKPQANQQSRNCYAKQRLVKWLRMRITKMIKRRLSKVQIKEAVSLLTRNVLSDALVRRCNPILPLRELRIRKVRVVRTPKFDAQALLSAHGTIPASVEADQR
A0A5,ETMARKEWYDVVAPANFEKRQFAKTICNKTQGTRIAADVLRGRVFEANLADLNQSAGEEEAYRKVRFTVQEVQGRNLLTQFHSMEVTTDKMASLLRKWCTTMETTVEVKTADGYTMRLFVVAFTKPQANQQSRNCYAKQRLVKWLRMRITKMIKRRLSKVQIKEAVSLLTRNVLSDALVRRCNPILPLRELRIRKVRVVRTPKFDAQALLSAHGTIPASVEADQR
A0A5,ETMARKEWYDVVAPANFEKRQFAKTICNKTQGTRIAADVLRGRVFEANLADLNQSAGEEEAYRKVRFTVQEVQGRNLLTQFHSMEVTTDKMASLLRKWCTTMETTVEVKTADGYTMRLFVVAFTKPQANQQSRNCYAKQRLVKWLRMRITKMIKRRLSKVQIKEAVSLLTRNVLSDALVRRCNPILPLRELRIRKVRVVRTPKFDAQALLSAHGTIPASVEADQR
A0A5,ETMARKEWYDVVAPANFEKRQFAKTICNKTQGTRIAADVLRGRVFEANLADLNQSAGEEEAYRKVRFTVQEVQGRNLLTQFHSMEVTTDKMASLLRKWCTTMETTVEVKTADGYTMRLFVVAFTKPQANQQSRNCYAKQRLVKWLRMRITKMIKRRLSKVQIKEAVSLLTRNVLSDALVRRCNPILPLRELRIRKVRVVRTPKFDAQALLSAHGTIPASVEADQR
A0A5,ETMARKEWYDVVAPANFEKRQFAKTICNKTQGTRIAADVLRGRVFEANLADLNQSAGEEEAYRKVRFTVQEVQGRNLLTQFHSMEVTTDKMASLLRKWCTTMETTVEVKTADGYTMRLFVVAFTKPQANQQSRNCYAKQRLVKWLRMRITKMIKRRLSKVQIKEAVSLLTRNVLSDALVRRCNPILPLRELRIRKVRVVRTPKFDAQALLSAHGTIPASVEADQR
A0A5,ETMARKEWYDVVAPANFEKRQFAKTICNKTQGTRIAADVLRGRVFEANLADLNQSAGEEEAYRKVRFTVQEVQGRNLLTQFHSMEVTTDKMASLLRKWCTTMETTVEVKTADGYTMRLFVVAFTKPQANQQSRNCYAKQRLVKWLRMRITKMIKRRLSKVQIKEAVSLLTRNVLSDALVRRCNPILPLRELRIRKVRVVRTPKFDAQALLSAHGTIPASVEADQR
A0A5,ETMARKEWYDVVAPANFEKRQFAKTICNKTQGTRIAADVLRGRVFEANLADLNQSAGEEEAYRKVRFTVQEVQGRNLLTQFHSMEVTTDKMASLLRKWCTTMETTVEVKTADGYTMRLFVVAFTKPQANQQSRNCYAKQRLVKWLRMRITKMIKRRLSKVQIKEAVSLLTRNVLSDALVRRCNPILPLRELRIRKVRVVRTPKFDAQALLSAHGTIPASVEADQR
A0A5,PFKEVSPNSFLLDDSHALSQLLKKSYRWYSPVFSPRNVPRFADVSSITESPETLKAIRDFLVQRYRAMSPAPTHILGFDARGFLFGPMIAVELEIPFVLMRKADKNAGLLIRSEPYEKEYKEAAPEVMTIRYGSIGKGSRVVLIDDVLATGGTALSGLQLVEASDAVVVEMVSILSIPFLKAAEKIHSTANSRYKDIKFISLLSDDALTEENCGDSKNYTGPRVLSCGDVLAEHPH
A0A5,ETMARKEWYDVVAPANFEKRQFAKTICNKTQGTRIAADVLRGRVFEANLADLNQSAGEEEAYRKVRFTVQEVQGRNLLTQFHSMEVTTDKMASLLRKWCTTMETTVEVKTADGYTMRLFVVAFTKPQANQQSRNCYAKQRLVKWLRMRITKMIKRRLSKVQIKEAVSLLTRNVLSDALVRRCNPILPLRELRIRKVRVVRTPKFDAQALLSAHGTIPASVEADQR
A0A5,ETMARKEWYDVVAPANFEKRQFAKTICNKTQGTRIAADVLRGRVFEANLADLNQSAGEEEAYRKVRFTVQEVQGRNLLTQFHSMEVTTDKMASLLRKWCTTMETTVEVKTADGYTMRLFVVAFTKPQANQQSRNCYAKQRLVKWLRMRITKMIKRRLSKVQIKEAVSLLTRNVLSDALVRRCNPILPLRELRIRKVRVVRTPKFDAQALLSAHGTIPASVEADQR
A0A5,ETMARKEWYDVVAPANFEKRQFAKTICNKTQGTRIAADVLRGRVFEANLADLNQSAGEEEAYRKVRFTVQEVQGRNLLTQFHSMEVTTDKMASLLRKWCTTMETTVEVKTADGYTMRLFVVAFTKPQANQQSRNCYAKQRLVKWLRMRITKMIKRRLSKVQIKEAVSLLTRNVLSDALVRRCNPILPLRELRIRKVRVVRTPKFDAQALLSAHGTIPASVEADQR
A0A5,ETMARKEWYDVVAPANFEKRQFAKTICNKTQGTRIAADVLRGRVFEANLADLNQSAGEEEAYRKVRFTVQEVQGRNLLTQFHSMEVTTDKMASLLRKWCTTMETTVEVKTADGYTMRLFVVAFTKPQANQQSRNCYAKQRLVKWLRMRITKMIKRRLSKVQIKEAVSLLTRNVLSDALVRRCNPILPLRELRIRKVRVVRTPKFDAQALLSAHGTIPASVEADQR
A0A5,ETMARKEWYDVVAPANFEKRQFAKTICNKTQGTRIAADVLRGRVFEANLADLNQSAGEEEAYRKVRFTVQEVQGRNLLTQFHSMEVTTDKMASLLRKWCTTMETTVEVKTADGYTMRLFVVAFTKPQANQQSRNCYAKQRLVKWLRMRITKMIKRRLSKVQIKEAVSLLTRNVLSDALVRRCNPILPLRELRIRKVRVVRTPKFDAQALLSAHGTIPASVEADQR
A0A5,ETMARKEWYDVVAPANFEKRQFAKTICNKTQGTRIAADVLRGRVFEANLADLNQSAGEEEAYRKVRFTVQEVQGRNLLTQFHSMEVTTDKMASLLRKWCTTMETTVEVKTADGYTMRLFVVAFTKPQANQQSRNCYAKQRLVKWLRMRITKMIKRRLSKVQIKEAVSLLTRNVLSDALVRRCNPILPLRELRIRKVRVVRTPKFDAQALLSAHGTIPASVEADQR
A0A5,ETMARKEWYDVVAPANFEKRQFAKTICNKTQGTRIAADVLRGRVFEANLADLNQSAGEEEAYRKVRFTVQEVQGRNLLTQFHSMEVTTDKMASLLRKWCTTMETTVEVKTADGYTMRLFVVAFTKPQANQQSRNCYAKQRLVKWLRMRITKMIKRRLSKVQIKEAVSLLTRNVLSDALVRRCNPILPLRELRIRKVRVVRTPKFDAQALLSAHGTIPASVEADQR
A0A5,ETMARKEWYDVVAPANFEKRQFAKTICNKTQGTRIAADVLRGRVFEANLADLNQSAGEEEAYRKVRFTVQEVQGRNLLTQFHSMEVTTDKMASLLRKWCTTMETTVEVKTADGYTMRLFVVAFTKPQANQQSRNCYAKQRLVKWLRMRITKMIKRRLSKVQIKEAVSLLTRNVLSDALVRRCNPILPLRELRIRKVRVVRTPKFDAQALLSAHGTIPASVEADQR
A0A5,SEEPPFDIRALRADIEDMISEKLELGPSLIRLAWHEAASYDCFKKDGSPNSASMRFKPECLYAGNKGLDIPRKALETLKKKYPQISYADLWVLAAYVAIEYMGGPTIPFCWGRVDAKDGSVCGPDGRLPDGSKTQSHVREVFRRLGFNDQETVALIGAHTCGECHIEFSGYHGPWTHDKNGFDNSFFTQLLDEDWVLNPKVEQMQLMDRATTKLMMLPSDVCLLLDPSYRKYVELYAKDNDRFNKDFANAFKKLTELGTRNLHKAPAS
A0A5,FQQPNYTANFVQSTFNALHRQGAVPDVLVVGGDGRYYTSEAVQVILKVSAANGVRCVWVGQHGLLSTPAVSTMVRRRRDADGRKATGAFILTASHNPGGPDADFGIKYNSENGGPAPEKLTSQIYEETVKITHIKMAPTLPEVDIHTLGTYTFDDYNFQVEVVDSLADYAAYMQEVFDFEAIRALVQRLDFKVHVDSLHGVSGPYVDRIFHEGLGVPKTSLFRTNVLPDFGGCHPDPNLTYAADLVHVMGLLPDGNANPAMKHISTVPSFGVAFDGDADRNMILGCRFFVNPSDSLAVLAANADCVPFFTQSSSSGLKAVARSMPTSGAVDRVAAAHDFALFEVPTGWKFFGNLMDSKDLYGGKDFNPLLCGEESFGTGSNHIREKDGIWASLFWLSVIAKRNAPGTPLVGVQQIVEEHWATYGRNYYSRYDYEDVSAEAAKAVMDTVENTVVDDVPNLNGVACKTIDNFSYTDPIDGSVSTKQGVRVLFEDGSRFVLRLSGTGSSGATIRLYLEQYMDSATVKSHLAEKTLPTASTALKALIGVALQVSKMESLTGRKTPTVIT
A0A5,ETMARKEWYDVVAPANFEKRQFAKTICNKTQGTRIAADVLRGRVFEANLADLNQSAGEEEAYRKVRFTVQEVQGRNLLTQFHSMEVTTDKMASLLRKWCTTMETTVEVKTADGYTMRLFVVAFTKPQANQQSRNCYAKQRLVKWLRMRITKMIKRRLSKVQIKEAVSLLTRNVLSDALVRRCNPILPLRELRIRKVRVVRTPKFDAQALLSAHGTIPASVEADQR
A0A5,ETMARKEWYDVVAPANFEKRQFAKTICNKTQGTRIAADVLRGRVFEANLADLNQSAGEEEAYRKVRFTVQEVQGRNLLTQFHSMEVTTDKMASLLRKWCTTMETTVEVKTADGYTMRLFVVAFTKPQANQQSRNCYAKQRLVKWLRMRITKMIKRRLSKVQIKEAVSLLTRNVLSDALVRRCNPILPLRELRIRKVRVVRTPKFDAQALLSAHGTIPASVEADQR
A0A5,ETMARKEWYDVVAPANFEKRQFAKTICNKTQGTRIAADVLRGRVFEANLADLNQSAGEEEAYRKVRFTVQEVQGRNLLTQFHSMEVTTDKMASLLRKWCTTMETTVEVKTADGYTMRLFVVAFTKPQANQQSRNCYAKQRLVKWLRMRITKMIKRRLSKVQIKEAVSLLTRNVLSDALVRRCNPILPLRELRIRKVRVVRTPKFDAQALLSAHGTIPASVEADQR
A0A5,ETMARKEWYDVVAPANFEKRQFAKTICNKTQGTRIAADVLRGRVFEANLADLNQSAGEEEAYRKVRFTVQEVQGRNLLTQFHSMEVTTDKMASLLRKWCTTMETTVEVKTADGYTMRLFVVAFTKPQANQQSRNCYAKQRLVKWLRMRITKMIKRRLSKVQIKEAVSLLTRNVLSDALVRRCNPILPLRELRIRKVRVVRTPKFDAQALLSAHGTIPASVEADQR
A0A5,YPIINFTTAGATVQSYTNFIRAVRGRLTTGADVRHEIPVLPNRVGLPINQRFILVELSNHAELSVTLALDVTNAYVVGYRAGNSAYFFHPDNQEDAEAITHLFTDVQNRYTFAFGGNYDRLEQLAGNLRENIELGNGPLEEAISALYYYSTGGTQLPTLARSFIICIQMISEAARFQYIEGEMRTRIRYNRRSAPDPSVITLENSWGRLSTAIQESNQGAFASPIQLQRRNGSKFSVYDVSILIPIIALMVYRCA
A0A5,ETMARKEWYDVVAPANFEKRQFAKTICNKTQGTRIAADVLRGRVFEANLADLNQSAGEEEAYRKVRFTVQEVQGRNLLTQFHSMEVTTDKMASLLRKWCTTMETTVEVKTADGYTMRLFVVAFTKPQANQQSRNCYAKQRLVKWLRMRITKMIKRRLSKVQIKEAVSLLTRNVLSDALVRRCNPILPLRELRIRKVRVVRTPKFDAQALLSAHGTIPASVEADQR
A0A5,ETMARKEWYDVVAPANFEKRQFAKTICNKTQGTRIAADVLRGRVFEANLADLNQSAGEEEAYRKVRFTVQEVQGRNLLTQFHSMEVTTDKMASLLRKWCTTMETTVEVKTADGYTMRLFVVAFTKPQANQQSRNCYAKQRLVKWLRMRITKMIKRRLSKVQIKEAVSLLTRNVLSDALVRRCNPILPLRELRIRKVRVVRTPKFDAQALLSAHGTIPASVEADQR
A0A5,MDVSKRPREEFHKEQCLSFVKKLWAADTLAMFHYPVSATEVPGYYDVVDTPMDLSTIRKNIEQGKYRTDTEVENDVVLMLSNALDFNEKGSQWHDLAKQLKKRYLTLAQESGLSFDAD
A0A5,MPKRVALGCDHAAYATHQEIMDMVNASGAASKVMYMGPSSDTSVDYPDYAAQVCEAILKGEADTGILVCGTGIGMSIAANKFRGIRAALCYDHVTAQLSRQHNNAHILCIGVRTSGMEVIRDIIETFLTTEPLAEGRHGNRVDKITVIEEEQM
A0A5,ETMARKEWYDVVAPANFEKRQFAKTICNKTQGTRIAADVLRGRVFEANLADLNQSAGEEEAYRKVRFTVQEVQGRNLLTQFHSMEVTTDKMASLLRKWCTTMETTVEVKTADGYTMRLFVVAFTKPQANQQSRNCYAKQRLVKWLRMRITKMIKRRLSKVQIKEAVSLLTRNVLSDALVRRCNPILPLRELRIRKVRVVRTPKFDAQALLSAHGTIPASVEADQR
A0A5,ETMARKEWYDVVAPANFEKRQFAKTICNKTQGTRIAADVLRGRVFEANLADLNQSAGEEEAYRKVRFTVQEVQGRNLLTQFHSMEVTTDKMASLLRKWCTTMETTVEVKTADGYTMRLFVVAFTKPQANQQSRNCYAKQRLVKWLRMRITKMIKRRLSKVQIKEAVSLLTRNVLSDALVRRCNPILPLRELRIRKVRVVRTPKFDAQALLSAHGTIPASVEADQR
A0A5,ETMARKEWYDVVAPANFEKRQFAKTICNKTQGTRIAADVLRGRVFEANLADLNQSAGEEEAYRKVRFTVQEVQGRNLLTQFHSMEVTTDKMASLLRKWCTTMETTVEVKTADGYTMRLFVVAFTKPQANQQSRNCYAKQRLVKWLRMRITKMIKRRLSKVQIKEAVSLLTRNVLSDALVRRCNPILPLRELRIRKVRVVRTPKFDAQALLSAHGTIPASVEADQR
A0A5,ETMARKEWYDVVAPANFEKRQFAKTICNKTQGTRIAADVLRGRVFEANLADLNQSAGEEEAYRKVRFTVQEVQGRNLLTQFHSMEVTTDKMASLLRKWCTTMETTVEVKTADGYTMRLFVVAFTKPQANQQSRNCYAKQRLVKWLRMRITKMIKRRLSKVQIKEAVSLLTRNVLSDALVRRCNPILPLRELRIRKVRVVRTPKFDAQALLSAHGTIPASVEADQR
A0A5,YPIINFTTAGATVQSYTNFIRAVRGRLTTGADVRHEIPVLPNRVGLPINQRFILVELSNHAELSVTLALDVTNAYVVGYRAGNSAYFFHPDNQEDAEAITHLFTDVQNRYTFAFGGNYDRLEQLAGNLRENIELGNGPLEEAISALYYYSTGGTQLPTLARSFIICIQMISEAARFQYIEGEMRTRIRYNRRSAPDPSVITLENSWGRLSTAIQESNQGAFASPIQLQRRNGSKFSVYDVSILIPIIALMVYRCA
A0A5,ETMARKEWYDVVAPANFEKRQFAKTICNKTQGTRIAADVLRGRVFEANLADLNQSAGEEEAYRKVRFTVQEVQGRNLLTQFHSMEVTTDKMASLLRKWCTTMETTVEVKTADGYTMRLFVVAFTKPQANQQSRNCYAKQRLVKWLRMRITKMIKRRLSKVQIKEAVSLLTRNVLSDALVRRCNPILPLRELRIRKVRVVRTPKFDAQALLSAHGTIPASVEADQR
A0A5,ETMARKEWYDVVAPANFEKRQFAKTICNKTQGTRIAADVLRGRVFEANLADLNQSAGEEEAYRKVRFTVQEVQGRNLLTQFHSMEVTTDKMASLLRKWCTTMETTVEVKTADGYTMRLFVVAFTKPQANQQSRNCYAKQRLVKWLRMRITKMIKRRLSKVQIKEAVSLLTRNVLSDALVRRCNPILPLRELRIRKVRVVRTPKFDAQALLSAHGTIPASVEADQR
A0A5,MSRAYDLVVLGAGSGGLEAGWNAAVTHKKKVAVVDVQATHGPPLFAALGGTCVNVGCVPKKLMVTGAQYMDLIRESGGFGWEMDRESLCPNWKTLIAAKNKVVNSINESYKSMFADTEGLSFHMGFGALQDAHTVVVRKSEDPHSDVLETLDTEYILIATGSWPTRLGVPGDEFCITSNEAFYLEDAPKRMLCVGGGYIAVEFAGIFNGYKPCGGYVDLCYRGDLILRGFDTEVRKSLTKQLGANGIRVRTNLNPTKITKNEDGSNHVHFNDGTEEDYDQVMLAIGRVPRSQALQLDKAGVRTGKNGAVQVDAYSKTSVDNIYAIGDVTNRVMLTPVAINEGAAFVETVFGGKPRATDHTKVACAVFSIPPIGTCGMTEEEAAKNYETVAVYASSFTPLMHNISGSKHKEFMIRIITNESNGEVLGVHMLGDSAPEIIQSVGICMKMGAKISDFHSTIGVHPTSAEELCSMRTPAYFYESGKRVEKLS
A0A5,ETMARKEWYDVVAPANFEKRQFAKTICNKTQGTRIAADVLRGRVFEANLADLNQSAGEEEAYRKVRFTVQEVQGRNLLTQFHSMEVTTDKMASLLRKWCTTMETTVEVKTADGYTMRLFVVAFTKPQANQQSRNCYAKQRLVKWLRMRITKMIKRRLSKVQIKEAVSLLTRNVLSDALVRRCNPILPLRELRIRKVRVVRTPKFDAQALLSAHGTIPASVEADQR
A0A5,ETMARKEWYDVVAPANFEKRQFAKTICNKTQGTRIAADVLRGRVFEANLADLNQSAGEEEAYRKVRFTVQEVQGRNLLTQFHSMEVTTDKMASLLRKWCTTMETTVEVKTADGYTMRLFVVAFTKPQANQQSRNCYAKQRLVKWLRMRITKMIKRRLSKVQIKEAVSLLTRNVLSDALVRRCNPILPLRELRIRKVRVVRTPKFDAQALLSAHGTIPASVEADQR
A0A5,ETMARKEWYDVVAPANFEKRQFAKTICNKTQGTRIAADVLRGRVFEANLADLNQSAGEEEAYRKVRFTVQEVQGRNLLTQFHSMEVTTDKMASLLRKWCTTMETTVEVKTADGYTMRLFVVAFTKPQANQQSRNCYAKQRLVKWLRMRITKMIKRRLSKVQIKEAVSLLTRNVLSDALVRRCNPILPLRELRIRKVRVVRTPKFDAQALLSAHGTIPASVEADQR
A0A5,ETMARKEWYDVVAPANFEKRQFAKTICNKTQGTRIAADVLRGRVFEANLADLNQSAGEEEAYRKVRFTVQEVQGRNLLTQFHSMEVTTDKMASLLRKWCTTMETTVEVKTADGYTMRLFVVAFTKPQANQQSRNCYAKQRLVKWLRMRITKMIKRRLSKVQIKEAVSLLTRNVLSDALVRRCNPILPLRELRIRKVRVVRTPKFDAQALLSAHGTIPASVEADQR
A0A5,ETMARKEWYDVVAPANFEKRQFAKTICNKTQGTRIAADVLRGRVFEANLADLNQSAGEEEAYRKVRFTVQEVQGRNLLTQFHSMEVTTDKMASLLRKWCTTMETTVEVKTADGYTMRLFVVAFTKPQANQQSRNCYAKQRLVKWLRMRITKMIKRRLSKVQIKEAVSLLTRNVLSDALVRRCNPILPLRELRIRKVRVVRTPKFDAQALLSAHGTIPASVEADQR
A0A5,YFQGYNEADVAALVRSLDRAEDHHIFAVDVLETYPYLAESYTKVCPRRCDLATAAQKALEGAYSYDLRLEGLKADIALMASNCVAYNGPTSAYAETAAKFERYALEQIDAFVLEHN
A0A5,ETMARKEWYDVVAPANFEKRQFAKTICNKTQGTRIAADVLRGRVFEANLADLNQSAGEEEAYRKVRFTVQEVQGRNLLTQFHSMEVTTDKMASLLRKWCTTMETTVEVKTADGYTMRLFVVAFTKPQANQQSRNCYAKQRLVKWLRMRITKMIKRRLSKVQIKEAVSLLTRNVLSDALVRRCNPILPLRELRIRKVRVVRTPKFDAQALLSAHGTIPASVEADQR
A0A5,YPIINFTTAGATVQSYTNFIRAVRGRLTTGADVRHEIPVLPNRVGLPINQRFILVELSNHAELSVTLALDVTNAYVVGYRAGNSAYFFHPDNQEDAEAITHLFTDVQNRYTFAFGGNYDRLEQLAGNLRENIELGNGPLEEAISALYYYSTGGTQLPTLARSFIICIQMISEAARFQYIEGEMRTRIRYNRRSAPDPSVITLENSWGRLSTAIQESNQGAFASPIQLQRRNGSKFSVYDVSILIPIIALMVYRCA
A0A5,YPIINFTTAGATVQSYTNFIRAVRGRLTTGADVRHEIPVLPNRVGLPINQRFILVELSNHAELSVTLALDVTNAYVVGYRAGNSAYFFHPDNQEDAEAITHLFTDVQNRYTFAFGGNYDRLEQLAGNLRENIELGNGPLEEAISALYYYSTGGTQLPTLARSFIICIQMISEAARFQYIEGEMRTRIRYNRRSAPDPSVITLENSWGRLSTAIQESNQGAFASPIQLQRRNGSKFSVYDVSILIPIIALMVYRCA
A0A5,HPRPLPAGKHAHRQSLETIPEVAELYHCIYKLYNEEESSVWFREPVNALAQEIFTYYDVVKSPMSLRHILDNIVKGDTYSTALQVMEDVELIWKNCITFNGANSLLATEAGKCRSALDRIRRAYQ
A0A5,GKLPPVVHGTTPFVGHIIQFGKDPLGFMLKAKKKYGGIFTMNICGNRITVVGDVHQHSKFFTPRNEILSPREVYSFMVPVFGEGVAYAAPYPRMREQLNFLAEELTVAKFQNFAPSIQHEVRKFMKANWNKDEGEINILDDCSAMIINTACQCLFGEDLRKRLDARQFAQLLAKMESCLIPAAVFLPWILKLPLPQSYRCRDARAELQDILSEIIIAREKEEAQKDTNTSDLLAGLLGAVYRDGTRMSQHEVCGMIVAAMFAGQHTSTITTTWSLLHLMDPRNKRHLAKLHQEIDEFPAQLNYDNVMEEMPFAEQCARESIRRDPPLVMLMRKVLKPVQVGKYVVPEGDIIACSPLLSHQDEEAFPNPREWNPERNMKLVDGAFCGFGAGVHKCIGEKFGLLQVKTVLATVLRDYDFELLGPLPEPNYHTMVVGPTASQCRVKYIKKK
A0A5,QYPIINFTTAGATVQSYTNFIRAVRGRLTTGADVRHEIPVLPNRVGLPINQRFILVELSNHAELSVTLALDVTNAYVVGYRAGNSAYFFHPDNQEDAEAITHLFTDVQNRYTFAFGGNYDRLEQLAGNLRENIELGNGPLEEAISALYYYSTGGTQLPTLARSFIICIQMISEAARFQYIEGEMRTRIRYNRRSAPDPSVITLENSWGRLSTAIQESNQGAFASPIQLQRRNGSKFSVYDVSILIPIIALMVYRCAPPP
A0A5,NIEGVFRKSFPDLAGETLLDSFNCAWVEGSALKQGYLFITPHWLCFQSTLAAAHFSIEYDEIKDIIKSKSVKMFENAIEVKTHLNDTIFLTNFLQRDQAYSALMSQWLK
A0A5,ETMARKEWYDVVAPANFEKRQFAKTICNKTQGTRIAADVLRGRVFEANLADLNQSAGEEEAYRKVRFTVQEVQGRNLLTQFHSMEVTTDKMASLLRKWCTTMETTVEVKTADGYTMRLFVVAFTKPQANQQSRNCYAKQRLVKWLRMRITKMIKRRLSKVQIKEAVSLLTRNVLSDALVRRCNPILPLRELRIRKVRVVRTPKFDAQALLSAHGTIPASVEADQR
A0A5,PFKEVSPNSFLLDDSHALSQLLKKSYRWYSPVFSPRNVPRFADVSSITESPETLKAIRDFLVQRYRAMSPAPTHILGFDARGFLFGPMIAVELEIPFVLMRKADKNAGLLIRSEPYEKEYKEAAPEVMTIRYGSIGKGSRVVLIDDVLATGGTALSGLQLVEASDAVVVEMVSILSIPFLKAAEKIHSTANSRYKDIKFISLLSDDALTEENCGDSKNYTGPRVLSCGDVLAEHPH
A0A5,ETMARKEWYDVVAPANFEKRQFAKTICNKTQGTRIAADVLRGRVFEANLADLNQSAGEEEAYRKVRFTVQEVQGRNLLTQFHSMEVTTDKMASLLRKWCTTMETTVEVKTADGYTMRLFVVAFTKPQANQQSRNCYAKQRLVKWLRMRITKMIKRRLSKVQIKEAVSLLTRNVLSDALVRRCNPILPLRELRIRKVRVVRTPKFDAQALLSAHGTIPASVEADQR
A0A5,ETMARKEWYDVVAPANFEKRQFAKTICNKTQGTRIAADVLRGRVFEANLADLNQSAGEEEAYRKVRFTVQEVQGRNLLTQFHSMEVTTDKMASLLRKWCTTMETTVEVKTADGYTMRLFVVAFTKPQANQQSRNCYAKQRLVKWLRMRITKMIKRRLSKVQIKEAVSLLTRNVLSDALVRRCNPILPLRELRIRKVRVVRTPKFDAQALLSAHGTIPASVEADQR
A0A5,ETMARKEWYDVVAPANFEKRQFAKTICNKTQGTRIAADVLRGRVFEANLADLNQSAGEEEAYRKVRFTVQEVQGRNLLTQFHSMEVTTDKMASLLRKWCTTMETTVEVKTADGYTMRLFVVAFTKPQANQQSRNCYAKQRLVKWLRMRITKMIKRRLSKVQIKEAVSLLTRNVLSDALVRRCNPILPLRELRIRKVRVVRTPKFDAQALLSAHGTIPASVEADQR
A0A5,ETMARKEWYDVVAPANFEKRQFAKTICNKTQGTRIAADVLRGRVFEANLADLNQSAGEEEAYRKVRFTVQEVQGRNLLTQFHSMEVTTDKMASLLRKWCTTMETTVEVKTADGYTMRLFVVAFTKPQANQQSRNCYAKQRLVKWLRMRITKMIKRRLSKVQIKEAVSLLTRNVLSDALVRRCNPILPLRELRIRKVRVVRTPKFDAQALLSAHGTIPASVEADQR
A0A5,TATVREAAPQFSGQAVVNGAIKDINMNDYKGKYIVLFFYPMDFTFVCPTEIIAFSDRHADFEKLNTQVVAVSCDSVYSHLAWVNTPRKKGGLGEMHIPVLADKSMEIARDYGVLIEESGIALRGLFIIDKKGILRHSTINDLPVGRNVDEALRVLEAFQYADENG
A0A5,MSRLMPHYSKGKTAFLCVDLQEAFSKRIENFANCVFVANRLARLHEVVPENTKYIVTEHYPKGLGRIVPEITLPKTAHLIEKTRFSCVVPQVEELLEDVDNAVVFGIEGHACILQTVADLLDMNKRVFLPKDGLGSQKKTDFKAAIKLMSSWGPNCEITTSESILLQMTKDAMDPNFKRISKLLKEEPPIPL
A0A6,YPIINFTTAGATVQSYTNFIRAVRGRLTTGADVRHEIPVLPNRVGLPINQRFILVELSNHAELSVTLALDVTNAYVVGYRAGNSAYFFHPDNQEDAEAITHLFTDVQNRYTFAFGGNYDRLEQLAGNLRENIELGNGPLEEAISALYYYSTGGTQLPTLARSFIICIQMISEAARFQYIEGEMRTRIRYNRRSAPDPSVITLENSWGRLSTAIQESNQGAFASPIQLQRRNGSKFSVYDVSILIPIIALMVYRCA
A0A6,FDKYITVFSPEGSLYQVEYAFKAVTYPGLLTVAIRCKDAVLVVTQHLIPDRLMRPDSVTALYEVTPNIGCCMTGRAPDGRALVQRAREEASDYQYRYGVEIPIAVLAKRMGDKAQVRTQQAGLRPMGVVSTFIGMDQSDQDGSLKPQIYTVDPAGWTGGHIACAAGKKQVEAMAFLEKRQKSTELDALTQKEAAMIALAALQSAIGTAVKAKEVEVGRCTAANPAFQRVPNSEVEEWLTAVAEA
A0A6,FDKYITVFSPEGSLYQVEYAFKAVTYPGLLTVAIRCKDAVLVVTQHLIPDRLMRPDSVTALYEVTPNIGCCMTGRAPDGRALVQRAREEASDYQYRYGVEIPIAVLAKRMGDKAQVRTQQAGLRPMGVVSTFIGMDQSDQDGSLKPQIYTVDPAGWTGGHIACAAGKKQVEAMAFLEKRQKSTELDALTQKEAAMIALAALQSAIGTAVKAKEVEVGRCTAANPAFQRVPNSEVEEWLTAVAEA
A0A6,FDKYITVFSPEGSLYQVEYAFKAVTYPGLLTVAIRCKDAVLVVTQHLIPDRLMRPDSVTALYEVTPNIGCCMTGRAPDGRALVQRAREEASDYQYRYGVEIPIAVLAKRMGDKAQVRTQQAGLRPMGVVSTFIGMDQSDQDGSLKPQIYTVDPAGWTGGHIACAAGKKQVEAMAFLEKRQKSTELDALTQKEAAMIALAALQSAIGTAVKAKEVEVGRCTAANPAFQRVPNSEVEEWLTAVAEA
A0A6,YPIINFTTAGATVQSYTNFIRAVRGRLTTGADVRHEIPVLPNRVGLPINQRFILVELSNHAELSVTLALDVTNAYVVGYRAGNSAYFFHPDNQEDAEAITHLFTDVQNRYTFAFGGNYDRLEQLAGNLRENIELGNGPLEEAISALYYYSTGGTQLPTLARSFIICIQMISEAARFQYIEGEMRTRIRYNRRSAPDPSVITLENSWGRLSTAIQESNQGAFASPIQLQRRNGSKFSVYDVSILIPIIALMVYRCA
A0A6,YPIINFTTAGATVQSYTNFIRAVRGRLTTGADVRHEIPVLPNRVGLPINQRFILVELSNHAELSVTLALDVTNAYVVGYRAGNSAYFFHPDNQEDAEAITHLFTDVQNRYTFAFGGNYDRLEQLAGNLRENIELGNGPLEEAISALYYYSTGGTQLPTLARSFIICIQMISEAARFQYIEGEMRTRIRYNRRSAPDPSVITLENSWGRLSTAIQESNQGAFASPIQLQRRNGSKFSVYDVSILIPIIALMVYRCA
A0A6,FDKYITVFSPEGSLYQVEYAFKAVTYPGLLTVAIRCKDAVLVVTQHLIPDRLMRPDSVTALYEVTPNIGCCMTGRAPDGRALVQRAREEASDYQYRYGVEIPIAVLAKRMGDKAQVRTQQAGLRPMGVVSTFIGMDQSDQDGSLKPQIYTVDPAGWTGGHIACAAGKKQVEAMAFLEKRQKSTELDALTQKEAAMIALAALQSAIGTAVKAKEVEVGRCTAANPAFQRVPNSEVEEWLTAVAEA
A0A6,FDKYITVFSPEGSLYQVEYAFKAVTYPGLLTVAIRCKDAVLVVTQHLIPDRLMRPDSVTALYEVTPNIGCCMTGRAPDGRALVQRAREEASDYQYRYGVEIPIAVLAKRMGDKAQVRTQQAGLRPMGVVSTFIGMDQSDQDGSLKPQIYTVDPAGWTGGHIACAAGKKQVEAMAFLEKRQKSTELDALTQKEAAMIALAALQSAIGTAVKAKEVEVGRCTAANPAFQRVPNSEVEEWLTAVAEA
A0A6,GVTDSSLLNLPAWKRLQSLYEKYGNDSILSHFEKDHQRFQRYSIEIDLHSDDNFLFLDYSKSHINDEIKDALVALAEERGVRAFAKAMFDGQRVNSTENRAVLHVALRNRSNRPIIVDGKDVMSDVNNVLAQMKDFTERVRSGEWKGQTGKSIYNIVNIGIGGSDLGPVMVTEALKPFSKRDLHCFFVSNVDGTHMAEVLKQVNLEETIFIIASKTFTTQETLTNAMSARNALMSYLKENGISTDGAVAKHFVALSTNTEKVREFGIDTVNMFAFWDWVGGRYSVWSAIGLSVMLSIGYDNFVEFLTGAHVMDNHFASTPTEQNLPMMLALVGIWYNNFFGSETQAVLPYDQYLWRLPAYLQQLDMESNGKGVTKKSGAVAVQTGPIVFGEAGTNGQHAFYQLIHQGTKIIPCDFIGCVQTQNRVGDHHRTLMSNFFAQTEALMVGKNAEEVRQELVKSGMSGDAIENMIPHKTFTGSRPSNSILVNALTPRALGAIIAMYEHKVLVQGAIWGINSYDQWGVELGKVLAKSILPQLKSGNIVSDHDGSTNGLINMFNTRAH
A0A6,SAKPQPIAAANWKCNGTTASIEKLVQVFNEHTISHDVQCVVAPTFVHIPLVQAKLRNPKYVISAENAIAKSGAFTGEVSMPILKDIGVHWVILGHSERRTYYGETDEIVAQKVSEACKQGFMVIACIGETLQQREANQTAKVVLSQTSAIAAKLTKDAWNQVVLAYEPVWAIGTGKVATPEQAQEVHLLLRKWVSENIGTDVAAKLRILYGGSVNAANAATLYAKPDINGFLVGGASLKPEFRDIIDATR
A0A6,ETMARKEWYDVVAPANFEKRQFAKTICNKTQGTRIAADVLRGRVFEANLADLNQSAGEEEAYRKVRFTVQEVQGRNLLTQFHSMEVTTDKMASLLRKWCTTMETTVEVKTADGYTMRLFVVAFTKPQANQQSRNCYAKQRLVKWLRMRITKMIKRRLSKVQIKEAVSLLTRNVLSDALVRRCNPILPLRELRIRKVRVVRTPKFDAQALLSAHGTIPASVEADQR
A0A6,FDKYITVFSPEGSLYQVEYAFKAVTYPGLLTVAIRCKDAVLVVTQHLIPDRLMRPDSVTALYEVTPNIGCCMTGRAPDGRALVQRAREEASDYQYRYGVEIPIAVLAKRMGDKAQVRTQQAGLRPMGVVSTFIGMDQSDQDGSLKPQIYTVDPAGWTGGHIACAAGKKQVEAMAFLEKRQKSTELDALTQKEAAMIALAALQSAIGTAVKAKEVEVGRCTAANPAFQRVPNSEVEEWLTAVAEA
A0A6,ETMARKEWYDVVAPANFEKRQFAKTICNKTQGTRIAADVLRGRVFEANLADLNQSAGEEEAYRKVRFTVQEVQGRNLLTQFHSMEVTTDKMASLLRKWCTTMETTVEVKTADGYTMRLFVVAFTKPQANQQSRNCYAKQRLVKWLRMRITKMIKRRLSKVQIKEAVSLLTRNVLSDALVRRCNPILPLRELRIRKVRVVRTPKFDAQALLSAHGTIPASVEADQR
A0A6,ETMARKEWYDVVAPANFEKRQFAKTICNKTQGTRIAADVLRGRVFEANLADLNQSAGEEEAYRKVRFTVQEVQGRNLLTQFHSMEVTTDKMASLLRKWCTTMETTVEVKTADGYTMRLFVVAFTKPQANQQSRNCYAKQRLVKWLRMRITKMIKRRLSKVQIKEAVSLLTRNVLSDALVRRCNPILPLRELRIRKVRVVRTPKFDAQALLSAHGTIPASVEADQR
A0A6,YPIINFTTAGATVQSYTNFIRAVRGRLTTGADVRHEIPVLPNRVGLPINQRFILVELSNHAELSVTLALDVTNAYVVGYRAGNSAYFFHPDNQEDAEAITHLFTDVQNRYTFAFGGNYDRLEQLAGNLRENIELGNGPLEEAISALYYYSTGGTQLPTLARSFIICIQMISEAARFQYIEGEMRTRIRYNRRSAPDPSVITLENSWGRLSTAIQESNQGAFASPIQLQRRNGSKFSVYDVSILIPIIALMVYRCA
A0A6,ETMARKEWYDVVAPANFEKRQFAKTICNKTQGTRIAADVLRGRVFEANLADLNQSAGEEEAYRKVRFTVQEVQGRNLLTQFHSMEVTTDKMASLLRKWCTTMETTVEVKTADGYTMRLFVVAFTKPQANQQSRNCYAKQRLVKWLRMRITKMIKRRLSKVQIKEAVSLLTRNVLSDALVRRCNPILPLRELRIRKVRVVRTPKFDAQALLSAHGTIPASVEADQR
A0A6,ETMARKEWYDVVAPANFEKRQFAKTICNKTQGTRIAADVLRGRVFEANLADLNQSAGEEEAYRKVRFTVQEVQGRNLLTQFHSMEVTTDKMASLLRKWCTTMETTVEVKTADGYTMRLFVVAFTKPQANQQSRNCYAKQRLVKWLRMRITKMIKRRLSKVQIKEAVSLLTRNVLSDALVRRCNPILPLRELRIRKVRVVRTPKFDAQALLSAHGTIPASVEADQR
A0A6,ETMARKEWYDVVAPANFEKRQFAKTICNKTQGTRIAADVLRGRVFEANLADLNQSAGEEEAYRKVRFTVQEVQGRNLLTQFHSMEVTTDKMASLLRKWCTTMETTVEVKTADGYTMRLFVVAFTKPQANQQSRNCYAKQRLVKWLRMRITKMIKRRLSKVQIKEAVSLLTRNVLSDALVRRCNPILPLRELRIRKVRVVRTPKFDAQALLSAHGTIPASVEADQR
A0A6,ETMARKEWYDVVAPANFEKRQFAKTICNKTQGTRIAADVLRGRVFEANLADLNQSAGEEEAYRKVRFTVQEVQGRNLLTQFHSMEVTTDKMASLLRKWCTTMETTVEVKTADGYTMRLFVVAFTKPQANQQSRNCYAKQRLVKWLRMRITKMIKRRLSKVQIKEAVSLLTRNVLSDALVRRCNPILPLRELRIRKVRVVRTPKFDAQALLSAHGTIPASVEADQR
A0A6,FDKYITVFSPEGSLYQVEYAFKAVTYPGLLTVAIRCKDAVLVVTQHLIPDRLMRPDSVTALYEVTPNIGCCMTGRAPDGRALVQRAREEASDYQYRYGVEIPIAVLAKRMGDKAQVRTQQAGLRPMGVVSTFIGMDQSDQDGSLKPQIYTVDPAGWTGGHIACAAGKKQVEAMAFLEKRQKSTELDALTQKEAAMIALAALQSAIGTAVKAKEVEVGRCTAANPAFQRVPNSEVEEWLTAVAEA
A0A6,FDKYITVFSPEGSLYQVEYAFKAVTYPGLLTVAIRCKDAVLVVTQHLIPDRLMRPDSVTALYEVTPNIGCCMTGRAPDGRALVQRAREEASDYQYRYGVEIPIAVLAKRMGDKAQVRTQQAGLRPMGVVSTFIGMDQSDQDGSLKPQIYTVDPAGWTGGHIACAAGKKQVEAMAFLEKRQKSTELDALTQKEAAMIALAALQSAIGTAVKAKEVEVGRCTAANPAFQRVPNSEVEEWLTAVAEA
A0A6,APIKVGINGFGRIGRMVFQAICDQGLIGTEIDVVAVVDMSTNAEYFAYQMKHDTVHGRPKYTVEAVKSSPSVETADVLVVNGHRIKCVKAQRNPADLPWGKLGVDYVIESTGLFTDKLKAEGHIKGGAKKVVISAPASGGAKTIVMGVNQHEYSPASHHVVSNASCTTNCLAPIVHVLTKENFGIETGLMTTIHSYTATQKTVDGVSLKDWRGGRAAAVNIIPSTTGAAKAVGMVIPSTKGKLTGMSFRVPTPDVSVVDLTFRATRDTSIQEIDKAIKKAAQTYMKGILGFTDEELVSADFINDNRSSVYDSKATLQNNLPGEKRFFKVVSWYDNEWAYSHRVVDLVRYMAAKDAASS
A0A6,YPIINFTTAGATVQSYTNFIRAVRGRLTTGADVRHEIPVLPNRVGLPINQRFILVELSNHAELSVTLALDVTNAYVVGYRAGNSAYFFHPDNQEDAEAITHLFTDVQNRYTFAFGGNYDRLEQLAGNLRENIELGNGPLEEAISALYYYSTGGTQLPTLARSFIICIQMISEAARFQYIEGEMRTRIRYNRRSAPDPSVITLENSWGRLSTAIQESNQGAFASPIQLQRRNGSKFSVYDVSILIPIIALMVYRCA
A0A6,FDKYITVFSPEGSLYQVEYAFKAVTYPGLLTVAIRCKDAVLVVTQHLIPDRLMRPDSVTALYEVTPNIGCCMTGRAPDGRALVQRAREEASDYQYRYGVEIPIAVLAKRMGDKAQVRTQQAGLRPMGVVSTFIGMDQSDQDGSLKPQIYTVDPAGWTGGHIACAAGKKQVEAMAFLEKRQKSTELDALTQKEAAMIALAALQSAIGTAVKAKEVEVGRCTAANPAFQRVPNSEVEEWLTAVAEA
A0A6,MSRVTVLQSQLPAYNRLKTPYESELIATVKKLTTPGKGLLAADESIGSCTKRFQPIGLSNTEEHRRQYRALMLEAEGFEQYISGVILHDETVGQKASNGQTFPEYLTARGVVPGIKTDMGLCPLLEGAEGEQMTEGLDGYVKRASAYYKKGCRFCKWRNVYKIQNGTVSESAVRFNAETLARYAILSQMSGLVPIVEPEVMIDGKHDIDTCQRVSEHVWREVVAALQRHGVIWEGCLLKPNMVVPGAESGKTAAPEQVAHYTVMTLARTMPAMLPGVMFLSGGLSEVQASEYLNAINNSPLPRPYFLSFSYARALQSSALKAWGGKESGLAAGRRAFLHRARMNSMAQLGKYKRSDD
A0A6,ETMARKEWYDVVAPANFEKRQFAKTICNKTQGTRIAADVLRGRVFEANLADLNQSAGEEEAYRKVRFTVQEVQGRNLLTQFHSMEVTTDKMASLLRKWCTTMETTVEVKTADGYTMRLFVVAFTKPQANQQSRNCYAKQRLVKWLRMRITKMIKRRLSKVQIKEAVSLLTRNVLSDALVRRCNPILPLRELRIRKVRVVRTPKFDAQALLSAHGTIPASVEADQR
A0A6,FDKYITVFSPEGSLYQVEYAFKAVTYPGLLTVAIRCKDAVLVVTQHLIPDRLMRPDSVTALYEVTPNIGCCMTGRAPDGRALVQRAREEASDYQYRYGVEIPIAVLAKRMGDKAQVRTQQAGLRPMGVVSTFIGMDQSDQDGSLKPQIYTVDPAGWTGGHIACAAGKKQVEAMAFLEKRQKSTELDALTQKEAAMIALAALQSAIGTAVKAKEVEVGRCTAANPAFQRVPNSEVEEWLTAVAEA
A0A6,FDKYITVFSPEGSLYQVEYAFKAVTYPGLLTVAIRCKDAVLVVTQHLIPDRLMRPDSVTALYEVTPNIGCCMTGRAPDGRALVQRAREEASDYQYRYGVEIPIAVLAKRMGDKAQVRTQQAGLRPMGVVSTFIGMDQSDQDGSLKPQIYTVDPAGWTGGHIACAAGKKQVEAMAFLEKRQKSTELDALTQKEAAMIALAALQSAIGTAVKAKEVEVGRCTAANPAFQRVPNSEVEEWLTAVAEA
A0A6,LLLKPHKDLPRRTVLIVVMDGLGIGPEDDYDAVHMASTPFMDAHRRDNRHFRCVRAHGTAVGLPTDADMGNSEVGHNALGAGRVALQGASLVDDAIKSGEIYTGEGYRYLHGAFSKEGSTLHLIGLLSDGGVHSRDNQIYSIIEHAVKDGAKRIRVHALYDGRDVPDGSSFRFTDELEAVLAKVRQNGCDAAIASGGGRMFVTMDRYDADWSIVERGWRAQVLGDARHFHSAKEAITTFREEDPKVTDQYYPPFIVVDEQDKPLGTIEDGDAVLCVNFRGDRVIEMTRAFEDEDFNKFDRVRVPKVRYAGMMRYDGDLGIPNNFLVPPPKLTRVSEEYLCGSGLNIFACSETQKFGHVTYFWNGNRSGKIDEKHETFKEVPSDRVQFNEKPRMQSAAITEAAIEALKSGMYNVVRINFPNGDMVGHTGDLKATITGVEAVDESLAKLKDAVDSVNGVYIVTADHGNSDDMAQRDKKGKPMKDGNGNVLPLTSHTLSPVPVFIGGAGLDPRVAMRTDLPAAGLANVTATFINLLGFEAPEDYEPSLIYVE
A0A6,FDKYITVFSPEGSLYQVEYAFKAVTYPGLLTVAIRCKDAVLVVTQHLIPDRLMRPDSVTALYEVTPNIGCCMTGRAPDGRALVQRAREEASDYQYRYGVEIPIAVLAKRMGDKAQVRTQQAGLRPMGVVSTFIGMDQSDQDGSLKPQIYTVDPAGWTGGHIACAAGKKQVEAMAFLEKRQKSTELDALTQKEAAMIALAALQSAIGTAVKAKEVEVGRCTAANPAFQRVPNSEVEEWLTAVAEA
A0A6,FDKYITVFSPEGSLYQVEYAFKAVTYPGLLTVAIRCKDAVLVVTQHLIPDRLMRPDSVTALYEVTPNIGCCMTGRAPDGRALVQRAREEASDYQYRYGVEIPIAVLAKRMGDKAQVRTQQAGLRPMGVVSTFIGMDQSDQDGSLKPQIYTVDPAGWTGGHIACAAGKKQVEAMAFLEKRQKSTELDALTQKEAAMIALAALQSAIGTAVKAKEVEVGRCTAANPAFQRVPNSEVEEWLTAVAEA
A0A6,FDKYITVFSPEGSLYQVEYAFKAVTYPGLLTVAIRCKDAVLVVTQHLIPDRLMRPDSVTALYEVTPNIGCCMTGRAPDGRALVQRAREEASDYQYRYGVEIPIAVLAKRMGDKAQVRTQQAGLRPMGVVSTFIGMDQSDQDGSLKPQIYTVDPAGWTGGHIACAAGKKQVEAMAFLEKRQKSTELDALTQKEAAMIALAALQSAIGTAVKAKEVEVGRCTAANPAFQRVPNSEVEEWLTAVAEA
A2TE,GKLPPVVHGTTPFVGHIIQFGKDPLGFMLKAKKKYGGIFTMNICGNRITVVGDVHQHSKFFTPRNEILSPREVYSFMVPVFGEGVAYAAPYPRMREQLNFLAEELTVAKFQNFAPSIQHEVRKFMKANWNKDEGEINILDDCSAMIINTACQCLFGEDLRKRLDARQFAQLLAKMESCLIPAAVFLPWILKLPLPQSYRCRDARAELQDILSEIIIAREKEEAQKDTNTSDLLAGLLGAVYRDGTRMSQHEVCGMIVAAMFAGQHTSTITTTWSLLHLMDPRNKRHLAKLHQEIDEFPAQLNYDNVMEEMPFAEQCARESIRRDPPLVMLMRKVLKPVQVGKYVVPEGDIIACSPLLSHQDEEAFPNPREWNPERNMKLVDGAFCGFGAGVHKCIGEKFGLLQVKTVLATVLRDYDFELLGPLPEPNYHTMVVGPTASQCRVKYIKKK
A4H3,YPIINFTTAGATVQSYTNFIRAVRGRLTTGADVRHEIPVLPNRVGLPINQRFILVELSNHAELSVTLALDVTNAYVVGYRAGNSAYFFHPDNQEDAEAITHLFTDVQNRYTFAFGGNYDRLEQLAGNLRENIELGNGPLEEAISALYYYSTGGTQLPTLARSFIICIQMISEAARFQYIEGEMRTRIRYNRRSAPDPSVITLENSWGRLSTAIQESNQGAFASPIQLQRRNGSKFSVYDVSILIPIIALMVYRCA
A4H3,YPIINFTTAGATVQSYTNFIRAVRGRLTTGADVRHEIPVLPNRVGLPINQRFILVELSNHAELSVTLALDVTNAYVVGYRAGNSAYFFHPDNQEDAEAITHLFTDVQNRYTFAFGGNYDRLEQLAGNLRENIELGNGPLEEAISALYYYSTGGTQLPTLARSFIICIQMISEAARFQYIEGEMRTRIRYNRRSAPDPSVITLENSWGRLSTAIQESNQGAFASPIQLQRRNGSKFSVYDVSILIPIIALMVYRCA
A4H6,ETMARKEWYDVVAPANFEKRQFAKTICNKTQGTRIAADVLRGRVFEANLADLNQSAGEEEAYRKVRFTVQEVQGRNLLTQFHSMEVTTDKMASLLRKWCTTMETTVEVKTADGYTMRLFVVAFTKPQANQQSRNCYAKQRLVKWLRMRITKMIKRRLSKVQIKEAVSLLTRNVLSDALVRRCNPILPLRELRIRKVRVVRTPKFDAQALLSAHGTIPASVEADQR
A4H8,YPIINFTTAGATVQSYTNFIRAVRGRLTTGADVRHEIPVLPNRVGLPINQRFILVELSNHAELSVTLALDVTNAYVVGYRAGNSAYFFHPDNQEDAEAITHLFTDVQNRYTFAFGGNYDRLEQLAGNLRENIELGNGPLEEAISALYYYSTGGTQLPTLARSFIICIQMISEAARFQYIEGEMRTRIRYNRRSAPDPSVITLENSWGRLSTAIQESNQGAFASPIQLQRRNGSKFSVYDVSILIPIIALMVYRCA
A4H9,PRKIILDCDPGIDDAVAILLAYGNPEIELLAITTVVGNQTLEKVTRNAQLVADVAGIVGVPIAAGCCKPLVRKVRTAPQIHGETGLGTVSYPSEFKTKLDKRHAVHLIIELIMSHEPKSITLVPTGGLTNIAMAARLEPRIVERVKEVVLMGGSCCIGNASPVAEFNIFVDPEAAHIVFNESWDVTMVGLDLTSQALATPEVLQRVKEVRTKPADFILKILEFYTKVYETQRNTYAKVHDPCAVAYVIDPTVMTTNRVPVNIELNGELTAGMTVTDFRYPRPEQCHTQVASKLDFSKYWDLVIDALQRIGDP
A4HB,ETMARKEWYDVVAPANFEKRQFAKTICNKTQGTRIAADVLRGRVFEANLADLNQSAGEEEAYRKVRFTVQEVQGRNLLTQFHSMEVTTDKMASLLRKWCTTMETTVEVKTADGYTMRLFVVAFTKPQANQQSRNCYAKQRLVKWLRMRITKMIKRRLSKVQIKEAVSLLTRNVLSDALVRRCNPILPLRELRIRKVRVVRTPKFDAQALLSAHGTIPASVEADQR
A4HC,ATVRDPAPQFSGKAVVDGAIKEINSNDYKGKYIVLFFYPMDFTFVCPTEIIAFSDRYLEFEKLNTQVIAVSCDSEYSHLAWVNTPRKKGGLGEMKIPVLADKSMEIARDYGVLIESAGIALRGLFVIDKKGTLRHSTINDLPVGRNVDEVLRVVEAFQYADEN
A4HI,ETMARKEWYDVVAPANFEKRQFAKTICNKTQGTRIAADVLRGRVFEANLADLNQSAGEEEAYRKVRFTVQEVQGRNLLTQFHSMEVTTDKMASLLRKWCTTMETTVEVKTADGYTMRLFVVAFTKPQANQQSRNCYAKQRLVKWLRMRITKMIKRRLSKVQIKEAVSLLTRNVLSDALVRRCNPILPLRELRIRKVRVVRTPKFDAQALLSAHGTIPASVEADQR
A4HK,SSERTFIAIKPDGVQRGLVGEIISRFERKGFKLVALKMLQPTTEQAQGHYKDLASKPFFEGLVKYFSSGPIVCMVWEGKNVVKSGRVLLGATNPADSQPGTIRGDYAVDVGRNVCHGSDSVESAQREVAFWFKVEEIASWT
A4HK,SSERTFIAIKPDGVQRGLVGEIISRFERKGFKLVALKMLQPTTEQAQGHYKDLASKPFFEGLVKYFSSGPIVCMVWEGKNVVKSGRVLLGATNPADSQPGTIRGDYAVDVGRNVCHGSDSVESAQREVAFWFKVEEIASWT
A4HR,ETMARKEWYDVVAPANFEKRQFAKTICNKTQGTRIAADVLRGRVFEANLADLNQSAGEEEAYRKVRFTVQEVQGRNLLTQFHSMEVTTDKMASLLRKWCTTMETTVEVKTADGYTMRLFVVAFTKPQANQQSRNCYAKQRLVKWLRMRITKMIKRRLSKVQIKEAVSLLTRNVLSDALVRRCNPILPLRELRIRKVRVVRTPKFDAQALLSAHGTIPASVEADQR
A4HR,YPIINFTTAGATVQSYTNFIRAVRGRLTTGADVRHEIPVLPNRVGLPINQRFILVELSNHAELSVTLALDVTNAYVVGYRAGNSAYFFHPDNQEDAEAITHLFTDVQNRYTFAFGGNYDRLEQLAGNLRENIELGNGPLEEAISALYYYSTGGTQLPTLARSFIICIQMISEAARFQYIEGEMRTRIRYNRRSAPDPSVITLENSWGRLSTAIQESNQGAFASPIQLQRRNGSKFSVYDVSILIPIIALMVYRCA
A4HS,MSRAYDLVVLGAGSGGLEAGWNAAVTHKKKVAVVDVQATHGPPLFAALGGTCVNVGCVPKKLMVTGAQYMDLIRESGGFGWEMDRESLCPNWKTLIAAKNKVVNSINESYKSMFADTEGLSFHMGFGALQDAHTVVVRKSEDPHSDVLETLDTEYILIATGSWPTRLGVPGDEFCITSNEAFYLEDAPKRMLCVGGGYIAVEFAGIFNGYKPCGGYVDLCYRGDLILRGFDTEVRKSLTKQLGANGIRVRTNLNPTKITKNEDGSNHVHFNDGTEEDYDQVMLAIGRVPRSQALQLDKAGVRTGKNGAVQVDAYSKTSVDNIYAIGDVTNRVMLTPVAINEGAAFVETVFGGKPRATDHTKVACAVFSIPPIGTCGMTEEEAAKNYETVAVYASSFTPLMHNISGSKHKEFMIRIITNESNGEVLGVHMLGDSAPEIIQSVGICMKMGAKISDFHSTIGVHPTSAEELCSMRTPAYFYESGKRVEKLS
A4HT,ETMARKEWYDVVAPANFEKRQFAKTICNKTQGTRIAADVLRGRVFEANLADLNQSAGEEEAYRKVRFTVQEVQGRNLLTQFHSMEVTTDKMASLLRKWCTTMETTVEVKTADGYTMRLFVVAFTKPQANQQSRNCYAKQRLVKWLRMRITKMIKRRLSKVQIKEAVSLLTRNVLSDALVRRCNPILPLRELRIRKVRVVRTPKFDAQALLSAHGTIPASVEADQR
A4HU,YFQGYNEADVAALVRSLDRAEDHHIFAVDVLETYPYLAESYTKVCPRRCDLATAAQKALEGAYSYDLRLEGLKADIALMASNCVAYNGPTSAYAETAAKFERYALEQIDAFVLEHN
A4HV,ETMARKEWYDVVAPANFEKRQFAKTICNKTQGTRIAADVLRGRVFEANLADLNQSAGEEEAYRKVRFTVQEVQGRNLLTQFHSMEVTTDKMASLLRKWCTTMETTVEVKTADGYTMRLFVVAFTKPQANQQSRNCYAKQRLVKWLRMRITKMIKRRLSKVQIKEAVSLLTRNVLSDALVRRCNPILPLRELRIRKVRVVRTPKFDAQALLSAHGTIPASVEADQR
A4HV,ETMARKEWYDVVAPANFEKRQFAKTICNKTQGTRIAADVLRGRVFEANLADLNQSAGEEEAYRKVRFTVQEVQGRNLLTQFHSMEVTTDKMASLLRKWCTTMETTVEVKTADGYTMRLFVVAFTKPQANQQSRNCYAKQRLVKWLRMRITKMIKRRLSKVQIKEAVSLLTRNVLSDALVRRCNPILPLRELRIRKVRVVRTPKFDAQALLSAHGTIPASVEADQR
A4HV,MSRLMPHYSKGKTAFLCVDLQEAFSKRIENFANCVFVANRLARLHEVVPENTKYIVTEHYPKGLGRIVPEITLPKTAHLIEKTRFSCVVPQVEELLEDVDNAVVFGIEGHACILQTVADLLDMNKRVFLPKDGLGSQKKTDFKAAIKLMSSWGPNCEITTSESILLQMTKDAMDPNFKRISKLLKEEPPIPL
A4HV,ETMARKEWYDVVAPANFEKRQFAKTICNKTQGTRIAADVLRGRVFEANLADLNQSAGEEEAYRKVRFTVQEVQGRNLLTQFHSMEVTTDKMASLLRKWCTTMETTVEVKTADGYTMRLFVVAFTKPQANQQSRNCYAKQRLVKWLRMRITKMIKRRLSKVQIKEAVSLLTRNVLSDALVRRCNPILPLRELRIRKVRVVRTPKFDAQALLSAHGTIPASVEADQR
A4HV,ETMARKEWYDVVAPANFEKRQFAKTICNKTQGTRIAADVLRGRVFEANLADLNQSAGEEEAYRKVRFTVQEVQGRNLLTQFHSMEVTTDKMASLLRKWCTTMETTVEVKTADGYTMRLFVVAFTKPQANQQSRNCYAKQRLVKWLRMRITKMIKRRLSKVQIKEAVSLLTRNVLSDALVRRCNPILPLRELRIRKVRVVRTPKFDAQALLSAHGTIPASVEADQR
A4HW,ETMARKEWYDVVAPANFEKRQFAKTICNKTQGTRIAADVLRGRVFEANLADLNQSAGEEEAYRKVRFTVQEVQGRNLLTQFHSMEVTTDKMASLLRKWCTTMETTVEVKTADGYTMRLFVVAFTKPQANQQSRNCYAKQRLVKWLRMRITKMIKRRLSKVQIKEAVSLLTRNVLSDALVRRCNPILPLRELRIRKVRVVRTPKFDAQALLSAHGTIPASVEADQR
A4HW,QYPIINFTTAGATVQSYTNFIRAVRGRLTTGADVRHEIPVLPNRVGLPINQRFILVELSNHAELSVTLALDVTNAYVVGYRAGNSAYFFHPDNQEDAEAITHLFTDVQNRYTFAFGGNYDRLEQLAGNLRENIELGNGPLEEAISALYYYSTGGTQLPTLARSFIICIQMISEAARFQYIEGEMRTRIRYNRRSAPDPSVITLENSWGRLSTAIQESNQGAFASPIQLQRRNGSKFSVYDVSILIPIIALMVYRCAPPP
A4HW,ETMARKEWYDVVAPANFEKRQFAKTICNKTQGTRIAADVLRGRVFEANLADLNQSAGEEEAYRKVRFTVQEVQGRNLLTQFHSMEVTTDKMASLLRKWCTTMETTVEVKTADGYTMRLFVVAFTKPQANQQSRNCYAKQRLVKWLRMRITKMIKRRLSKVQIKEAVSLLTRNVLSDALVRRCNPILPLRELRIRKVRVVRTPKFDAQALLSAHGTIPASVEADQR
A4HY,ETMARKEWYDVVAPANFEKRQFAKTICNKTQGTRIAADVLRGRVFEANLADLNQSAGEEEAYRKVRFTVQEVQGRNLLTQFHSMEVTTDKMASLLRKWCTTMETTVEVKTADGYTMRLFVVAFTKPQANQQSRNCYAKQRLVKWLRMRITKMIKRRLSKVQIKEAVSLLTRNVLSDALVRRCNPILPLRELRIRKVRVVRTPKFDAQALLSAHGTIPASVEADQR
A4HZ,ETMARKEWYDVVAPANFEKRQFAKTICNKTQGTRIAADVLRGRVFEANLADLNQSAGEEEAYRKVRFTVQEVQGRNLLTQFHSMEVTTDKMASLLRKWCTTMETTVEVKTADGYTMRLFVVAFTKPQANQQSRNCYAKQRLVKWLRMRITKMIKRRLSKVQIKEAVSLLTRNVLSDALVRRCNPILPLRELRIRKVRVVRTPKFDAQALLSAHGTIPASVEADQR
A4HZ,ETMARKEWYDVVAPANFEKRQFAKTICNKTQGTRIAADVLRGRVFEANLADLNQSAGEEEAYRKVRFTVQEVQGRNLLTQFHSMEVTTDKMASLLRKWCTTMETTVEVKTADGYTMRLFVVAFTKPQANQQSRNCYAKQRLVKWLRMRITKMIKRRLSKVQIKEAVSLLTRNVLSDALVRRCNPILPLRELRIRKVRVVRTPKFDAQALLSAHGTIPASVEADQR
A4I1,PFKEVSPNSFLLDDSHALSQLLKKSYRWYSPVFSPRNVPRFADVSSITESPETLKAIRDFLVQRYRAMSPAPTHILGFDARGFLFGPMIAVELEIPFVLMRKADKNAGLLIRSEPYEKEYKEAAPEVMTIRYGSIGKGSRVVLIDDVLATGGTALSGLQLVEASDAVVVEMVSILSIPFLKAAEKIHSTANSRYKDIKFISLLSDDALTEENCGDSKNYTGPRVLSCGDVLAEHPH
A4I2,ETMARKEWYDVVAPANFEKRQFAKTICNKTQGTRIAADVLRGRVFEANLADLNQSAGEEEAYRKVRFTVQEVQGRNLLTQFHSMEVTTDKMASLLRKWCTTMETTVEVKTADGYTMRLFVVAFTKPQANQQSRNCYAKQRLVKWLRMRITKMIKRRLSKVQIKEAVSLLTRNVLSDALVRRCNPILPLRELRIRKVRVVRTPKFDAQALLSAHGTIPASVEADQR
A4I3,ETMARKEWYDVVAPANFEKRQFAKTICNKTQGTRIAADVLRGRVFEANLADLNQSAGEEEAYRKVRFTVQEVQGRNLLTQFHSMEVTTDKMASLLRKWCTTMETTVEVKTADGYTMRLFVVAFTKPQANQQSRNCYAKQRLVKWLRMRITKMIKRRLSKVQIKEAVSLLTRNVLSDALVRRCNPILPLRELRIRKVRVVRTPKFDAQALLSAHGTIPASVEADQR
A4I3,MPKRVALGCDHAAYATHQEIMDMVNASGAASKVMYMGPSSDTSVDYPDYAAQVCEAILKGEADTGILVCGTGIGMSIAANKFRGIRAALCYDHVTAQLSRQHNNAHILCIGVRTSGMEVIRDIIETFLTTEPLAEGRHGNRVDKITVIEEEQM
A4I3,ETMARKEWYDVVAPANFEKRQFAKTICNKTQGTRIAADVLRGRVFEANLADLNQSAGEEEAYRKVRFTVQEVQGRNLLTQFHSMEVTTDKMASLLRKWCTTMETTVEVKTADGYTMRLFVVAFTKPQANQQSRNCYAKQRLVKWLRMRITKMIKRRLSKVQIKEAVSLLTRNVLSDALVRRCNPILPLRELRIRKVRVVRTPKFDAQALLSAHGTIPASVEADQR
A4I3,ETMARKEWYDVVAPANFEKRQFAKTICNKTQGTRIAADVLRGRVFEANLADLNQSAGEEEAYRKVRFTVQEVQGRNLLTQFHSMEVTTDKMASLLRKWCTTMETTVEVKTADGYTMRLFVVAFTKPQANQQSRNCYAKQRLVKWLRMRITKMIKRRLSKVQIKEAVSLLTRNVLSDALVRRCNPILPLRELRIRKVRVVRTPKFDAQALLSAHGTIPASVEADQR
A4I5,ETMARKEWYDVVAPANFEKRQFAKTICNKTQGTRIAADVLRGRVFEANLADLNQSAGEEEAYRKVRFTVQEVQGRNLLTQFHSMEVTTDKMASLLRKWCTTMETTVEVKTADGYTMRLFVVAFTKPQANQQSRNCYAKQRLVKWLRMRITKMIKRRLSKVQIKEAVSLLTRNVLSDALVRRCNPILPLRELRIRKVRVVRTPKFDAQALLSAHGTIPASVEADQR
A4I5,NIEGVFRKSFPDLAGETLLDSFNCAWVEGSALKQGYLFITPHWLCFQSTLAAAHFSIEYDEIKDIIKSKSVKMFENAIEVKTHLNDTIFLTNFLQRDQAYSALMSQWLK
A4I5,YPIINFTTAGATVQSYTNFIRAVRGRLTTGADVRHEIPVLPNRVGLPINQRFILVELSNHAELSVTLALDVTNAYVVGYRAGNSAYFFHPDNQEDAEAITHLFTDVQNRYTFAFGGNYDRLEQLAGNLRENIELGNGPLEEAISALYYYSTGGTQLPTLARSFIICIQMISEAARFQYIEGEMRTRIRYNRRSAPDPSVITLENSWGRLSTAIQESNQGAFASPIQLQRRNGSKFSVYDVSILIPIIALMVYRCA
A4I6,YPIINFTTAGATVQSYTNFIRAVRGRLTTGADVRHEIPVLPNRVGLPINQRFILVELSNHAELSVTLALDVTNAYVVGYRAGNSAYFFHPDNQEDAEAITHLFTDVQNRYTFAFGGNYDRLEQLAGNLRENIELGNGPLEEAISALYYYSTGGTQLPTLARSFIICIQMISEAARFQYIEGEMRTRIRYNRRSAPDPSVITLENSWGRLSTAIQESNQGAFASPIQLQRRNGSKFSVYDVSILIPIIALMVYRCA
A4I6,ETMARKEWYDVVAPANFEKRQFAKTICNKTQGTRIAADVLRGRVFEANLADLNQSAGEEEAYRKVRFTVQEVQGRNLLTQFHSMEVTTDKMASLLRKWCTTMETTVEVKTADGYTMRLFVVAFTKPQANQQSRNCYAKQRLVKWLRMRITKMIKRRLSKVQIKEAVSLLTRNVLSDALVRRCNPILPLRELRIRKVRVVRTPKFDAQALLSAHGTIPASVEADQR
A4IA,ETMARKEWYDVVAPANFEKRQFAKTICNKTQGTRIAADVLRGRVFEANLADLNQSAGEEEAYRKVRFTVQEVQGRNLLTQFHSMEVTTDKMASLLRKWCTTMETTVEVKTADGYTMRLFVVAFTKPQANQQSRNCYAKQRLVKWLRMRITKMIKRRLSKVQIKEAVSLLTRNVLSDALVRRCNPILPLRELRIRKVRVVRTPKFDAQALLSAHGTIPASVEADQR
A4IC,ETMARKEWYDVVAPANFEKRQFAKTICNKTQGTRIAADVLRGRVFEANLADLNQSAGEEEAYRKVRFTVQEVQGRNLLTQFHSMEVTTDKMASLLRKWCTTMETTVEVKTADGYTMRLFVVAFTKPQANQQSRNCYAKQRLVKWLRMRITKMIKRRLSKVQIKEAVSLLTRNVLSDALVRRCNPILPLRELRIRKVRVVRTPKFDAQALLSAHGTIPASVEADQR
A4IC,ETMARKEWYDVVAPANFEKRQFAKTICNKTQGTRIAADVLRGRVFEANLADLNQSAGEEEAYRKVRFTVQEVQGRNLLTQFHSMEVTTDKMASLLRKWCTTMETTVEVKTADGYTMRLFVVAFTKPQANQQSRNCYAKQRLVKWLRMRITKMIKRRLSKVQIKEAVSLLTRNVLSDALVRRCNPILPLRELRIRKVRVVRTPKFDAQALLSAHGTIPASVEADQR
A4ID,HPRPLPAGKHAHRQSLETIPEVAELYHCIYKLYNEEESSVWFREPVNALAQEIFTYYDVVKSPMSLRHILDNIVKGDTYSTALQVMEDVELIWKNCITFNGANSLLATEAGKCRSALDRIRRAYQ
A4ID,ETMARKEWYDVVAPANFEKRQFAKTICNKTQGTRIAADVLRGRVFEANLADLNQSAGEEEAYRKVRFTVQEVQGRNLLTQFHSMEVTTDKMASLLRKWCTTMETTVEVKTADGYTMRLFVVAFTKPQANQQSRNCYAKQRLVKWLRMRITKMIKRRLSKVQIKEAVSLLTRNVLSDALVRRCNPILPLRELRIRKVRVVRTPKFDAQALLSAHGTIPASVEADQR
A4ID,MDVSKRPREEFHKEQCLSFVKKLWAADTLAMFHYPVSATEVPGYYDVVDTPMDLSTIRKNIEQGKYRTDTEVENDVVLMLSNALDFNEKGSQWHDLAKQLKKRYLTLAQESGLSFDAD
A4ID,ETMARKEWYDVVAPANFEKRQFAKTICNKTQGTRIAADVLRGRVFEANLADLNQSAGEEEAYRKVRFTVQEVQGRNLLTQFHSMEVTTDKMASLLRKWCTTMETTVEVKTADGYTMRLFVVAFTKPQANQQSRNCYAKQRLVKWLRMRITKMIKRRLSKVQIKEAVSLLTRNVLSDALVRRCNPILPLRELRIRKVRVVRTPKFDAQALLSAHGTIPASVEADQR
C5ML,GKLPPVVHGTTPFVGHIIQFGKDPLGFMLKAKKKYGGIFTMNICGNRITVVGDVHQHSKFFTPRNEILSPREVYSFMVPVFGEGVAYAAPYPRMREQLNFLAEELTVAKFQNFAPSIQHEVRKFMKANWNKDEGEINILDDCSAMIINTACQCLFGEDLRKRLDARQFAQLLAKMESCLIPAAVFLPWILKLPLPQSYRCRDARAELQDILSEIIIAREKEEAQKDTNTSDLLAGLLGAVYRDGTRMSQHEVCGMIVAAMFAGQHTSTITTTWSLLHLMDPRNKRHLAKLHQEIDEFPAQLNYDNVMEEMPFAEQCARESIRRDPPLVMLMRKVLKPVQVGKYVVPEGDIIACSPLLSHQDEEAFPNPREWNPERNMKLVDGAFCGFGAGVHKCIGEKFGLLQVKTVLATVLRDYDFELLGPLPEPNYHTMVVGPTASQCRVKYIKKK
D0VW,TMSLQVDLLNNTFANPFMNAAGVMCSTTEDLVAMTESASGSLVSKSCTPALREGNPTPRYRALPLGSINSMGLPNNGFDFYLAYAAEQHDYGRKPLFLSMSGLSVRENVEMCKRLAAVATEKGVILELNLSCPNVPGKPQVAYDFDAMRQCLTAVSEVYPHSFGVKMPPYFDFAHFDAAAEILNEFPQVQFITCINSIGNGLVIDAETESVVIKPKQGFGGLGGRYVLPTALANVNAFYRRCPGKLIFGCGGVYTGEDAFLHVLAGASMVQVGTALHEEGPAIFERLTAELLDVMAKKGYQTLDEFRGKVRTLD
D0VW,SHYTDNRYKMMECIKDAGRPFYPHKFKISMSLPAYALKYGNVENGYIDKDTTLSLSGRVTSIRSSSSKLIFYDIFCEEQKVQIIANIMEHDISTGEFSVSHSEIRRGDVVGFTGFPGKSKRGELSLFSKSVVLLSPCYHMLPTAISGLKDQEVRYRQRYLDLMLNEESRKVFKLRSRAIKYIRNYFDRLGFLEVETPMLNMIYGGAAARPFITYHNELETQLYMRIAPELYLKQLIVGGLDKVYEIGKNFRNEGIDLTHNPEFTAMEFYMAYADYYDLMDLTEELISGLVLEIHGSLKIPYHPDGPEGKCIEIDFTTPWKRFSFVEEIESGLGEKLKRPLDSQENIDFMVEMCEKHEIELPHPRTAAKLLDKLAGHFVETKCTNPSFIIDHPQTMSPLAKWHREKPEMTERFELFVLGKELCNAYTELNEPLQQRKFFEQQADAKASGDVEACPIDETFCLALEHGLPPTGGWGLGIDRLIMFLADKNNIKEVILFPAMRN
D0VW,MSRLMPHYSKGKTAFLCVDLQEAFSKRIENFANCVFVANRLARLHEVVPENTKYIVTEHYPKGLGRIVPEITLPKTAHLIEKTRFSCVVPQVEELLEDVDNAVVFGIEGHACILQTVADLLDMNKRVFLPKDGLGSQKKTDFKAAIKLMSSWGPNCEITTSESILLQMTKDAMDPNFKRISKLLKEEPPIPL
E9AC,AKVTMLYVPCTINQVLVKAFVDSGAQNSIMNKRTAERCGLMRLVDVRMRGVAVGVGRQEICGRIHMTPVNLAGMYIPFAFYVIEDQAMDLIIGLDQLKRHQMMIDLKHNCLTIDNINVPFLPENDLPALA
E9AC,YPIINFTTAGATVQSYTNFIRAVRGRLTTGADVRHEIPVLPNRVGLPINQRFILVELSNHAELSVTLALDVTNAYVVGYRAGNSAYFFHPDNQEDAEAITHLFTDVQNRYTFAFGGNYDRLEQLAGNLRENIELGNGPLEEAISALYYYSTGGTQLPTLARSFIICIQMISEAARFQYIEGEMRTRIRYNRRSAPDPSVITLENSWGRLSTAIQESNQGAFASPIQLQRRNGSKFSVYDVSILIPIIALMVYRCA
E9AD,SGVAKHLGEALKLRKQADTADMDSLSGKTVFFYFSASWCPPCRGFTPQLVEFYEKHHDSKNFEIILASWDEEEDDFNAYYAKMPWLSIPFANRNIVEALTKKYSVESIPTLIGLNADTGDTVTTRARHALTQDPMGEQFPWRDE
E9AG,YPIINFTTAGATVQSYTNFIRAVRGRLTTGADVRHEIPVLPNRVGLPINQRFILVELSNHAELSVTLALDVTNAYVVGYRAGNSAYFFHPDNQEDAEAITHLFTDVQNRYTFAFGGNYDRLEQLAGNLRENIELGNGPLEEAISALYYYSTGGTQLPTLARSFIICIQMISEAARFQYIEGEMRTRIRYNRRSAPDPSVITLENSWGRLSTAIQESNQGAFASPIQLQRRNGSKFSVYDVSILIPIIALMVYRCA
E9AG,ETMARKEWYDVVAPANFEKRQFAKTICNKTQGTRIAADVLRGRVFEANLADLNQSAGEEEAYRKVRFTVQEVQGRNLLTQFHSMEVTTDKMASLLRKWCTTMETTVEVKTADGYTMRLFVVAFTKPQANQQSRNCYAKQRLVKWLRMRITKMIKRRLSKVQIKEAVSLLTRNVLSDALVRRCNPILPLRELRIRKVRVVRTPKFDAQALLSAHGTIPASVEADQR
E9AI,QYPIINFTTAGATVQSYTNFIRAVRGRLTTGADVRHEIPVLPNRVGLPINQRFILVELSNHAELSVTLALDVTNAYVVGYRAGNSAYFFHPDNQEDAEAITHLFTDVQNRYTFAFGGNYDRLEQLAGNLRENIELGNGPLEEAISALYYYSTGGTQLPTLARSFIICIQMISEAARFQYIEGEMRTRIRYNRRSAPDPSVITLENSWGRLSTAIQESNQGAFASPIQLQRRNGSKFSVYDVSILIPIIALMVYRCAPPP
E9AI,ETMARKEWYDVVAPANFEKRQFAKTICNKTQGTRIAADVLRGRVFEANLADLNQSAGEEEAYRKVRFTVQEVQGRNLLTQFHSMEVTTDKMASLLRKWCTTMETTVEVKTADGYTMRLFVVAFTKPQANQQSRNCYAKQRLVKWLRMRITKMIKRRLSKVQIKEAVSLLTRNVLSDALVRRCNPILPLRELRIRKVRVVRTPKFDAQALLSAHGTIPASVEADQR
E9AJ,YPIINFTTAGATVQSYTNFIRAVRGRLTTGADVRHEIPVLPNRVGLPINQRFILVELSNHAELSVTLALDVTNAYVVGYRAGNSAYFFHPDNQEDAEAITHLFTDVQNRYTFAFGGNYDRLEQLAGNLRENIELGNGPLEEAISALYYYSTGGTQLPTLARSFIICIQMISEAARFQYIEGEMRTRIRYNRRSAPDPSVITLENSWGRLSTAIQESNQGAFASPIQLQRRNGSKFSVYDVSILIPIIALMVYRCA
E9AJ,YPIINFTTAGATVQSYTNFIRAVRGRLTTGADVRHEIPVLPNRVGLPINQRFILVELSNHAELSVTLALDVTNAYVVGYRAGNSAYFFHPDNQEDAEAITHLFTDVQNRYTFAFGGNYDRLEQLAGNLRENIELGNGPLEEAISALYYYSTGGTQLPTLARSFIICIQMISEAARFQYIEGEMRTRIRYNRRSAPDPSVITLENSWGRLSTAIQESNQGAFASPIQLQRRNGSKFSVYDVSILIPIIALMVYRCA
E9AL,ETMARKEWYDVVAPANFEKRQFAKTICNKTQGTRIAADVLRGRVFEANLADLNQSAGEEEAYRKVRFTVQEVQGRNLLTQFHSMEVTTDKMASLLRKWCTTMETTVEVKTADGYTMRLFVVAFTKPQANQQSRNCYAKQRLVKWLRMRITKMIKRRLSKVQIKEAVSLLTRNVLSDALVRRCNPILPLRELRIRKVRVVRTPKFDAQALLSAHGTIPASVEADQR
E9AN,ETMARKEWYDVVAPANFEKRQFAKTICNKTQGTRIAADVLRGRVFEANLADLNQSAGEEEAYRKVRFTVQEVQGRNLLTQFHSMEVTTDKMASLLRKWCTTMETTVEVKTADGYTMRLFVVAFTKPQANQQSRNCYAKQRLVKWLRMRITKMIKRRLSKVQIKEAVSLLTRNVLSDALVRRCNPILPLRELRIRKVRVVRTPKFDAQALLSAHGTIPASVEADQR
E9AP,ETMARKEWYDVVAPANFEKRQFAKTICNKTQGTRIAADVLRGRVFEANLADLNQSAGEEEAYRKVRFTVQEVQGRNLLTQFHSMEVTTDKMASLLRKWCTTMETTVEVKTADGYTMRLFVVAFTKPQANQQSRNCYAKQRLVKWLRMRITKMIKRRLSKVQIKEAVSLLTRNVLSDALVRRCNPILPLRELRIRKVRVVRTPKFDAQALLSAHGTIPASVEADQR
E9AQ,QYPIINFTTAGATVQSYTNFIRAVRGRLTTGADVRHEIPVLPNRVGLPINQRFILVELSNHAELSVTLALDVTNAYVVGYRAGNSAYFFHPDNQEDAEAITHLFTDVQNRYTFAFGGNYDRLEQLAGNLRENIELGNGPLEEAISALYYYSTGGTQLPTLARSFIICIQMISEAARFQYIEGEMRTRIRYNRRSAPDPSVITLENSWGRLSTAIQESNQGAFASPIQLQRRNGSKFSVYDVSILIPIIALMVYRCAPPP
E9AQ,ETMARKEWYDVVAPANFEKRQFAKTICNKTQGTRIAADVLRGRVFEANLADLNQSAGEEEAYRKVRFTVQEVQGRNLLTQFHSMEVTTDKMASLLRKWCTTMETTVEVKTADGYTMRLFVVAFTKPQANQQSRNCYAKQRLVKWLRMRITKMIKRRLSKVQIKEAVSLLTRNVLSDALVRRCNPILPLRELRIRKVRVVRTPKFDAQALLSAHGTIPASVEADQR
E9AQ,YPIINFTTAGATVQSYTNFIRAVRGRLTTGADVRHEIPVLPNRVGLPINQRFILVELSNHAELSVTLALDVTNAYVVGYRAGNSAYFFHPDNQEDAEAITHLFTDVQNRYTFAFGGNYDRLEQLAGNLRENIELGNGPLEEAISALYYYSTGGTQLPTLARSFIICIQMISEAARFQYIEGEMRTRIRYNRRSAPDPSVITLENSWGRLSTAIQESNQGAFASPIQLQRRNGSKFSVYDVSILIPIIALMVYRCA
E9AS,KAILLFDVDGTLTPPRNPETHDMKEALLKARAAGFKLGVVGGSDFAKQKEQLGESILEDFDYVFSENGLLAYKDGKEFHRNSLLRALGNEKVVAFVKKCLHLIADLDIPVQRGTFVEFRNGMFNVSPIGRNCSQQERDEFENLDKERHIREKLIRELKEAFPDYQLAYSVGGQISFDVFPKGWDKTYCLQFVENDFETIHFFGDKTSEGGNDYEIFTDSRTIGHSVKTYKDTIAILEALLED
E9AT,ETMARKEWYDVVAPANFEKRQFAKTICNKTQGTRIAADVLRGRVFEANLADLNQSAGEEEAYRKVRFTVQEVQGRNLLTQFHSMEVTTDKMASLLRKWCTTMETTVEVKTADGYTMRLFVVAFTKPQANQQSRNCYAKQRLVKWLRMRITKMIKRRLSKVQIKEAVSLLTRNVLSDALVRRCNPILPLRELRIRKVRVVRTPKFDAQALLSAHGTIPASVEADQR
E9AW,HMPAPKTIYIAGPAVFHPDNGEAYYNNVRALMKGKDVVPLIPTDNIATGAVNIRNKNIDMIRACDAIIADLSPFRSKEPDCGTAFELGYAAALGKVLLTFSTDTRPMVEKYGSEMADGLSVENFGLPFNLMLHDGTDVFDSFEAAFAYFVEHHLT
E9AX,GSHMIAPLSVKDNDKWVDTHVGKTTEIHLKGNPTTGYMWTRVGFVGKDVLSDEILEVVCKYTPTPSSTPMVGVGGIYVVLVKPRKRGHHTLELVYTRPFEGIKPENERYTLHLNVK
E9AY,ETMARKEWYDVVAPANFEKRQFAKTICNKTQGTRIAADVLRGRVFEANLADLNQSAGEEEAYRKVRFTVQEVQGRNLLTQFHSMEVTTDKMASLLRKWCTTMETTVEVKTADGYTMRLFVVAFTKPQANQQSRNCYAKQRLVKWLRMRITKMIKRRLSKVQIKEAVSLLTRNVLSDALVRRCNPILPLRELRIRKVRVVRTPKFDAQALLSAHGTIPASVEADQR
E9B0,ETMARKEWYDVVAPANFEKRQFAKTICNKTQGTRIAADVLRGRVFEANLADLNQSAGEEEAYRKVRFTVQEVQGRNLLTQFHSMEVTTDKMASLLRKWCTTMETTVEVKTADGYTMRLFVVAFTKPQANQQSRNCYAKQRLVKWLRMRITKMIKRRLSKVQIKEAVSLLTRNVLSDALVRRCNPILPLRELRIRKVRVVRTPKFDAQALLSAHGTIPASVEADQR
E9B0,ETMARKEWYDVVAPANFEKRQFAKTICNKTQGTRIAADVLRGRVFEANLADLNQSAGEEEAYRKVRFTVQEVQGRNLLTQFHSMEVTTDKMASLLRKWCTTMETTVEVKTADGYTMRLFVVAFTKPQANQQSRNCYAKQRLVKWLRMRITKMIKRRLSKVQIKEAVSLLTRNVLSDALVRRCNPILPLRELRIRKVRVVRTPKFDAQALLSAHGTIPASVEADQR
E9B1,YPIINFTTAGATVQSYTNFIRAVRGRLTTGADVRHEIPVLPNRVGLPINQRFILVELSNHAELSVTLALDVTNAYVVGYRAGNSAYFFHPDNQEDAEAITHLFTDVQNRYTFAFGGNYDRLEQLAGNLRENIELGNGPLEEAISALYYYSTGGTQLPTLARSFIICIQMISEAARFQYIEGEMRTRIRYNRRSAPDPSVITLENSWGRLSTAIQESNQGAFASPIQLQRRNGSKFSVYDVSILIPIIALMVYRCA
E9B1,QYPIINFTTAGATVQSYTNFIRAVRGRLTTGADVRHEIPVLPNRVGLPINQRFILVELSNHAELSVTLALDVTNAYVVGYRAGNSAYFFHPDNQEDAEAITHLFTDVQNRYTFAFGGNYDRLEQLAGNLRENIELGNGPLEEAISALYYYSTGGTQLPTLARSFIICIQMISEAARFQYIEGEMRTRIRYNRRSAPDPSVITLENSWGRLSTAIQESNQGAFASPIQLQRRNGSKFSVYDVSILIPIIALMVYRCAPPP
E9B6,KKMSIVLAPFSGGQPHSGVELGPDYLLKQGLQQDMEKLGWDTRLERVFDGKVVEARKASDNGDRIGRVKRPRLTAECTEKIYKCVRRVAEQGRFPLTIGGDHSIALGTVAGVLSVHPDAGVIWVDAHADINTMSGTVSGNLHGCPLSILLGLDRENIPECFSWVPQVLKPNKIAYIGLRAVDDEEKKILHDLNIAAFSMHHVDRYGIDKVVSMAIEAVSPKGTEPVMVSYDVDTIDPLYVPATGTPVRGGLSFREALFLCERIAECGRLVALDVVECNPLLAATESHVNDTISVGCAIARCMMGETLLYTP
E9B7,ETMARKEWYDVVAPANFEKRQFAKTICNKTQGTRIAADVLRGRVFEANLADLNQSAGEEEAYRKVRFTVQEVQGRNLLTQFHSMEVTTDKMASLLRKWCTTMETTVEVKTADGYTMRLFVVAFTKPQANQQSRNCYAKQRLVKWLRMRITKMIKRRLSKVQIKEAVSLLTRNVLSDALVRRCNPILPLRELRIRKVRVVRTPKFDAQALLSAHGTIPASVEADQR
E9B7,ETMARKEWYDVVAPANFEKRQFAKTICNKTQGTRIAADVLRGRVFEANLADLNQSAGEEEAYRKVRFTVQEVQGRNLLTQFHSMEVTTDKMASLLRKWCTTMETTVEVKTADGYTMRLFVVAFTKPQANQQSRNCYAKQRLVKWLRMRITKMIKRRLSKVQIKEAVSLLTRNVLSDALVRRCNPILPLRELRIRKVRVVRTPKFDAQALLSAHGTIPASVEADQR
E9B7,YPIINFTTAGATVQSYTNFIRAVRGRLTTGADVRHEIPVLPNRVGLPINQRFILVELSNHAELSVTLALDVTNAYVVGYRAGNSAYFFHPDNQEDAEAITHLFTDVQNRYTFAFGGNYDRLEQLAGNLRENIELGNGPLEEAISALYYYSTGGTQLPTLARSFIICIQMISEAARFQYIEGEMRTRIRYNRRSAPDPSVITLENSWGRLSTAIQESNQGAFASPIQLQRRNGSKFSVYDVSILIPIIALMVYRCA
E9BA,YFQGYNEADVAALVRSLDRAEDHHIFAVDVLETYPYLAESYTKVCPRRCDLATAAQKALEGAYSYDLRLEGLKADIALMASNCVAYNGPTSAYAETAAKFERYALEQIDAFVLEHN
E9BA,ETMARKEWYDVVAPANFEKRQFAKTICNKTQGTRIAADVLRGRVFEANLADLNQSAGEEEAYRKVRFTVQEVQGRNLLTQFHSMEVTTDKMASLLRKWCTTMETTVEVKTADGYTMRLFVVAFTKPQANQQSRNCYAKQRLVKWLRMRITKMIKRRLSKVQIKEAVSLLTRNVLSDALVRRCNPILPLRELRIRKVRVVRTPKFDAQALLSAHGTIPASVEADQR
E9BA,ETMARKEWYDVVAPANFEKRQFAKTICNKTQGTRIAADVLRGRVFEANLADLNQSAGEEEAYRKVRFTVQEVQGRNLLTQFHSMEVTTDKMASLLRKWCTTMETTVEVKTADGYTMRLFVVAFTKPQANQQSRNCYAKQRLVKWLRMRITKMIKRRLSKVQIKEAVSLLTRNVLSDALVRRCNPILPLRELRIRKVRVVRTPKFDAQALLSAHGTIPASVEADQR
E9BA,ETMARKEWYDVVAPANFEKRQFAKTICNKTQGTRIAADVLRGRVFEANLADLNQSAGEEEAYRKVRFTVQEVQGRNLLTQFHSMEVTTDKMASLLRKWCTTMETTVEVKTADGYTMRLFVVAFTKPQANQQSRNCYAKQRLVKWLRMRITKMIKRRLSKVQIKEAVSLLTRNVLSDALVRRCNPILPLRELRIRKVRVVRTPKFDAQALLSAHGTIPASVEADQR
E9BA,GKLPPVVHGTTPFVGHIIQFGKDPLGFMLKAKKKYGGIFTMNICGNRITVVGDVHQHSKFFTPRNEILSPREVYSFMVPVFGEGVAYAAPYPRMREQLNFLAEELTVAKFQNFAPSIQHEVRKFMKANWNKDEGEINILDDCSAMIINTACQCLFGEDLRKRLDARQFAQLLAKMESCLIPAAVFLPWILKLPLPQSYRCRDARAELQDILSEIIIAREKEEAQKDTNTSDLLAGLLGAVYRDGTRMSQHEVCGMIVAAMFAGQHTSTITTTWSLLHLMDPRNKRHLAKLHQEIDEFPAQLNYDNVMEEMPFAEQCARESIRRDPPLVMLMRKVLKPVQVGKYVVPEGDIIACSPLLSHQDEEAFPNPREWNPERNMKLVDGAFCGFGAGVHKCIGEKFGLLQVKTVLATVLRDYDFELLGPLPEPNYHTMVVGPTASQCRVKYIKKK
E9BA,ETMARKEWYDVVAPANFEKRQFAKTICNKTQGTRIAADVLRGRVFEANLADLNQSAGEEEAYRKVRFTVQEVQGRNLLTQFHSMEVTTDKMASLLRKWCTTMETTVEVKTADGYTMRLFVVAFTKPQANQQSRNCYAKQRLVKWLRMRITKMIKRRLSKVQIKEAVSLLTRNVLSDALVRRCNPILPLRELRIRKVRVVRTPKFDAQALLSAHGTIPASVEADQR
E9BA,MSRLMPHYSKGKTAFLCVDLQEAFSKRIENFANCVFVANRLARLHEVVPENTKYIVTEHYPKGLGRIVPEITLPKTAHLIEKTRFSCVVPQVEELLEDVDNAVVFGIEGHACILQTVADLLDMNKRVFLPKDGLGSQKKTDFKAAIKLMSSWGPNCEITTSESILLQMTKDAMDPNFKRISKLLKEEPPIPL
E9BB,ETMARKEWYDVVAPANFEKRQFAKTICNKTQGTRIAADVLRGRVFEANLADLNQSAGEEEAYRKVRFTVQEVQGRNLLTQFHSMEVTTDKMASLLRKWCTTMETTVEVKTADGYTMRLFVVAFTKPQANQQSRNCYAKQRLVKWLRMRITKMIKRRLSKVQIKEAVSLLTRNVLSDALVRRCNPILPLRELRIRKVRVVRTPKFDAQALLSAHGTIPASVEADQR
E9BB,ETMARKEWYDVVAPANFEKRQFAKTICNKTQGTRIAADVLRGRVFEANLADLNQSAGEEEAYRKVRFTVQEVQGRNLLTQFHSMEVTTDKMASLLRKWCTTMETTVEVKTADGYTMRLFVVAFTKPQANQQSRNCYAKQRLVKWLRMRITKMIKRRLSKVQIKEAVSLLTRNVLSDALVRRCNPILPLRELRIRKVRVVRTPKFDAQALLSAHGTIPASVEADQR
E9BC,ETMARKEWYDVVAPANFEKRQFAKTICNKTQGTRIAADVLRGRVFEANLADLNQSAGEEEAYRKVRFTVQEVQGRNLLTQFHSMEVTTDKMASLLRKWCTTMETTVEVKTADGYTMRLFVVAFTKPQANQQSRNCYAKQRLVKWLRMRITKMIKRRLSKVQIKEAVSLLTRNVLSDALVRRCNPILPLRELRIRKVRVVRTPKFDAQALLSAHGTIPASVEADQR
E9BC,QYPIINFTTAGATVQSYTNFIRAVRGRLTTGADVRHEIPVLPNRVGLPINQRFILVELSNHAELSVTLALDVTNAYVVGYRAGNSAYFFHPDNQEDAEAITHLFTDVQNRYTFAFGGNYDRLEQLAGNLRENIELGNGPLEEAISALYYYSTGGTQLPTLARSFIICIQMISEAARFQYIEGEMRTRIRYNRRSAPDPSVITLENSWGRLSTAIQESNQGAFASPIQLQRRNGSKFSVYDVSILIPIIALMVYRCAPPP
E9BC,YPIINFTTAGATVQSYTNFIRAVRGRLTTGADVRHEIPVLPNRVGLPINQRFILVELSNHAELSVTLALDVTNAYVVGYRAGNSAYFFHPDNQEDAEAITHLFTDVQNRYTFAFGGNYDRLEQLAGNLRENIELGNGPLEEAISALYYYSTGGTQLPTLARSFIICIQMISEAARFQYIEGEMRTRIRYNRRSAPDPSVITLENSWGRLSTAIQESNQGAFASPIQLQRRNGSKFSVYDVSILIPIIALMVYRCA
E9BC,YPIINFTTAGATVQSYTNFIRAVRGRLTTGADVRHEIPVLPNRVGLPINQRFILVELSNHAELSVTLALDVTNAYVVGYRAGNSAYFFHPDNQEDAEAITHLFTDVQNRYTFAFGGNYDRLEQLAGNLRENIELGNGPLEEAISALYYYSTGGTQLPTLARSFIICIQMISEAARFQYIEGEMRTRIRYNRRSAPDPSVITLENSWGRLSTAIQESNQGAFASPIQLQRRNGSKFSVYDVSILIPIIALMVYRCA
E9BF,ETMARKEWYDVVAPANFEKRQFAKTICNKTQGTRIAADVLRGRVFEANLADLNQSAGEEEAYRKVRFTVQEVQGRNLLTQFHSMEVTTDKMASLLRKWCTTMETTVEVKTADGYTMRLFVVAFTKPQANQQSRNCYAKQRLVKWLRMRITKMIKRRLSKVQIKEAVSLLTRNVLSDALVRRCNPILPLRELRIRKVRVVRTPKFDAQALLSAHGTIPASVEADQR
E9BF,ETMARKEWYDVVAPANFEKRQFAKTICNKTQGTRIAADVLRGRVFEANLADLNQSAGEEEAYRKVRFTVQEVQGRNLLTQFHSMEVTTDKMASLLRKWCTTMETTVEVKTADGYTMRLFVVAFTKPQANQQSRNCYAKQRLVKWLRMRITKMIKRRLSKVQIKEAVSLLTRNVLSDALVRRCNPILPLRELRIRKVRVVRTPKFDAQALLSAHGTIPASVEADQR
E9BH,ETMARKEWYDVVAPANFEKRQFAKTICNKTQGTRIAADVLRGRVFEANLADLNQSAGEEEAYRKVRFTVQEVQGRNLLTQFHSMEVTTDKMASLLRKWCTTMETTVEVKTADGYTMRLFVVAFTKPQANQQSRNCYAKQRLVKWLRMRITKMIKRRLSKVQIKEAVSLLTRNVLSDALVRRCNPILPLRELRIRKVRVVRTPKFDAQALLSAHGTIPASVEADQR
E9BH,ETMARKEWYDVVAPANFEKRQFAKTICNKTQGTRIAADVLRGRVFEANLADLNQSAGEEEAYRKVRFTVQEVQGRNLLTQFHSMEVTTDKMASLLRKWCTTMETTVEVKTADGYTMRLFVVAFTKPQANQQSRNCYAKQRLVKWLRMRITKMIKRRLSKVQIKEAVSLLTRNVLSDALVRRCNPILPLRELRIRKVRVVRTPKFDAQALLSAHGTIPASVEADQR
E9BH,ETMARKEWYDVVAPANFEKRQFAKTICNKTQGTRIAADVLRGRVFEANLADLNQSAGEEEAYRKVRFTVQEVQGRNLLTQFHSMEVTTDKMASLLRKWCTTMETTVEVKTADGYTMRLFVVAFTKPQANQQSRNCYAKQRLVKWLRMRITKMIKRRLSKVQIKEAVSLLTRNVLSDALVRRCNPILPLRELRIRKVRVVRTPKFDAQALLSAHGTIPASVEADQR
E9BI,ETMARKEWYDVVAPANFEKRQFAKTICNKTQGTRIAADVLRGRVFEANLADLNQSAGEEEAYRKVRFTVQEVQGRNLLTQFHSMEVTTDKMASLLRKWCTTMETTVEVKTADGYTMRLFVVAFTKPQANQQSRNCYAKQRLVKWLRMRITKMIKRRLSKVQIKEAVSLLTRNVLSDALVRRCNPILPLRELRIRKVRVVRTPKFDAQALLSAHGTIPASVEADQR
E9BI,ETMARKEWYDVVAPANFEKRQFAKTICNKTQGTRIAADVLRGRVFEANLADLNQSAGEEEAYRKVRFTVQEVQGRNLLTQFHSMEVTTDKMASLLRKWCTTMETTVEVKTADGYTMRLFVVAFTKPQANQQSRNCYAKQRLVKWLRMRITKMIKRRLSKVQIKEAVSLLTRNVLSDALVRRCNPILPLRELRIRKVRVVRTPKFDAQALLSAHGTIPASVEADQR
E9BI,RARNVRSHTGEYAPDILVVGSCFLDYVGYVDHMPQVGETMHSVSFHKGFGGKGANQAVAAGRLGAKVAMVSMVGTDGDGSDYIKELERNGVDTAYMFRTGKSSTGLAMILVDTKSSNNEIVICPNATNHFTPELLRAQTNNYERILHTGLKYLICQNEIPLPTTLDTIKEAHSRGVYTVFNSAPAPKPAEVEQIKPFLPYVSLFCPNEVEATLITGVKVTDTESAFSAIKALQQLGVRDVVITLGAAGFVLSENGAEPVHVTGKHVKAVDTTGAGDCFVGSMVYFMSRGRNLLEACKRANECAAISVTRKGTQLSYPHPSELPAGVM
E9BJ,ETMARKEWYDVVAPANFEKRQFAKTICNKTQGTRIAADVLRGRVFEANLADLNQSAGEEEAYRKVRFTVQEVQGRNLLTQFHSMEVTTDKMASLLRKWCTTMETTVEVKTADGYTMRLFVVAFTKPQANQQSRNCYAKQRLVKWLRMRITKMIKRRLSKVQIKEAVSLLTRNVLSDALVRRCNPILPLRELRIRKVRVVRTPKFDAQALLSAHGTIPASVEADQR
E9BJ,ETMARKEWYDVVAPANFEKRQFAKTICNKTQGTRIAADVLRGRVFEANLADLNQSAGEEEAYRKVRFTVQEVQGRNLLTQFHSMEVTTDKMASLLRKWCTTMETTVEVKTADGYTMRLFVVAFTKPQANQQSRNCYAKQRLVKWLRMRITKMIKRRLSKVQIKEAVSLLTRNVLSDALVRRCNPILPLRELRIRKVRVVRTPKFDAQALLSAHGTIPASVEADQR
E9BK,ETMARKEWYDVVAPANFEKRQFAKTICNKTQGTRIAADVLRGRVFEANLADLNQSAGEEEAYRKVRFTVQEVQGRNLLTQFHSMEVTTDKMASLLRKWCTTMETTVEVKTADGYTMRLFVVAFTKPQANQQSRNCYAKQRLVKWLRMRITKMIKRRLSKVQIKEAVSLLTRNVLSDALVRRCNPILPLRELRIRKVRVVRTPKFDAQALLSAHGTIPASVEADQR
E9BL,ETMARKEWYDVVAPANFEKRQFAKTICNKTQGTRIAADVLRGRVFEANLADLNQSAGEEEAYRKVRFTVQEVQGRNLLTQFHSMEVTTDKMASLLRKWCTTMETTVEVKTADGYTMRLFVVAFTKPQANQQSRNCYAKQRLVKWLRMRITKMIKRRLSKVQIKEAVSLLTRNVLSDALVRRCNPILPLRELRIRKVRVVRTPKFDAQALLSAHGTIPASVEADQR
E9BM,NIEGVFRKSFPDLAGETLLDSFNCAWVEGSALKQGYLFITPHWLCFQSTLAAAHFSIEYDEIKDIIKSKSVKMFENAIEVKTHLNDTIFLTNFLQRDQAYSALMSQWLK
E9BM,ETMARKEWYDVVAPANFEKRQFAKTICNKTQGTRIAADVLRGRVFEANLADLNQSAGEEEAYRKVRFTVQEVQGRNLLTQFHSMEVTTDKMASLLRKWCTTMETTVEVKTADGYTMRLFVVAFTKPQANQQSRNCYAKQRLVKWLRMRITKMIKRRLSKVQIKEAVSLLTRNVLSDALVRRCNPILPLRELRIRKVRVVRTPKFDAQALLSAHGTIPASVEADQR
E9BM,YPIINFTTAGATVQSYTNFIRAVRGRLTTGADVRHEIPVLPNRVGLPINQRFILVELSNHAELSVTLALDVTNAYVVGYRAGNSAYFFHPDNQEDAEAITHLFTDVQNRYTFAFGGNYDRLEQLAGNLRENIELGNGPLEEAISALYYYSTGGTQLPTLARSFIICIQMISEAARFQYIEGEMRTRIRYNRRSAPDPSVITLENSWGRLSTAIQESNQGAFASPIQLQRRNGSKFSVYDVSILIPIIALMVYRCA
E9BP,ETMARKEWYDVVAPANFEKRQFAKTICNKTQGTRIAADVLRGRVFEANLADLNQSAGEEEAYRKVRFTVQEVQGRNLLTQFHSMEVTTDKMASLLRKWCTTMETTVEVKTADGYTMRLFVVAFTKPQANQQSRNCYAKQRLVKWLRMRITKMIKRRLSKVQIKEAVSLLTRNVLSDALVRRCNPILPLRELRIRKVRVVRTPKFDAQALLSAHGTIPASVEADQR
E9BQ,ETMARKEWYDVVAPANFEKRQFAKTICNKTQGTRIAADVLRGRVFEANLADLNQSAGEEEAYRKVRFTVQEVQGRNLLTQFHSMEVTTDKMASLLRKWCTTMETTVEVKTADGYTMRLFVVAFTKPQANQQSRNCYAKQRLVKWLRMRITKMIKRRLSKVQIKEAVSLLTRNVLSDALVRRCNPILPLRELRIRKVRVVRTPKFDAQALLSAHGTIPASVEADQR
E9BR,ETMARKEWYDVVAPANFEKRQFAKTICNKTQGTRIAADVLRGRVFEANLADLNQSAGEEEAYRKVRFTVQEVQGRNLLTQFHSMEVTTDKMASLLRKWCTTMETTVEVKTADGYTMRLFVVAFTKPQANQQSRNCYAKQRLVKWLRMRITKMIKRRLSKVQIKEAVSLLTRNVLSDALVRRCNPILPLRELRIRKVRVVRTPKFDAQALLSAHGTIPASVEADQR
E9BT,ETMARKEWYDVVAPANFEKRQFAKTICNKTQGTRIAADVLRGRVFEANLADLNQSAGEEEAYRKVRFTVQEVQGRNLLTQFHSMEVTTDKMASLLRKWCTTMETTVEVKTADGYTMRLFVVAFTKPQANQQSRNCYAKQRLVKWLRMRITKMIKRRLSKVQIKEAVSLLTRNVLSDALVRRCNPILPLRELRIRKVRVVRTPKFDAQALLSAHGTIPASVEADQR
E9BT,ETMARKEWYDVVAPANFEKRQFAKTICNKTQGTRIAADVLRGRVFEANLADLNQSAGEEEAYRKVRFTVQEVQGRNLLTQFHSMEVTTDKMASLLRKWCTTMETTVEVKTADGYTMRLFVVAFTKPQANQQSRNCYAKQRLVKWLRMRITKMIKRRLSKVQIKEAVSLLTRNVLSDALVRRCNPILPLRELRIRKVRVVRTPKFDAQALLSAHGTIPASVEADQR
E9BT,ETMARKEWYDVVAPANFEKRQFAKTICNKTQGTRIAADVLRGRVFEANLADLNQSAGEEEAYRKVRFTVQEVQGRNLLTQFHSMEVTTDKMASLLRKWCTTMETTVEVKTADGYTMRLFVVAFTKPQANQQSRNCYAKQRLVKWLRMRITKMIKRRLSKVQIKEAVSLLTRNVLSDALVRRCNPILPLRELRIRKVRVVRTPKFDAQALLSAHGTIPASVEADQR
E9BT,ETMARKEWYDVVAPANFEKRQFAKTICNKTQGTRIAADVLRGRVFEANLADLNQSAGEEEAYRKVRFTVQEVQGRNLLTQFHSMEVTTDKMASLLRKWCTTMETTVEVKTADGYTMRLFVVAFTKPQANQQSRNCYAKQRLVKWLRMRITKMIKRRLSKVQIKEAVSLLTRNVLSDALVRRCNPILPLRELRIRKVRVVRTPKFDAQALLSAHGTIPASVEADQR
E9BU,ETMARKEWYDVVAPANFEKRQFAKTICNKTQGTRIAADVLRGRVFEANLADLNQSAGEEEAYRKVRFTVQEVQGRNLLTQFHSMEVTTDKMASLLRKWCTTMETTVEVKTADGYTMRLFVVAFTKPQANQQSRNCYAKQRLVKWLRMRITKMIKRRLSKVQIKEAVSLLTRNVLSDALVRRCNPILPLRELRIRKVRVVRTPKFDAQALLSAHGTIPASVEADQR
E9BU,MDVSKRPREEFHKEQCLSFVKKLWAADTLAMFHYPVSATEVPGYYDVVDTPMDLSTIRKNIEQGKYRTDTEVENDVVLMLSNALDFNEKGSQWHDLAKQLKKRYLTLAQESGLSFDAD
E9BU,HPRPLPAGKHAHRQSLETIPEVAELYHCIYKLYNEEESSVWFREPVNALAQEIFTYYDVVKSPMSLRHILDNIVKGDTYSTALQVMEDVELIWKNCITFNGANSLLATEAGKCRSALDRIRRAYQ
E9BU,ETMARKEWYDVVAPANFEKRQFAKTICNKTQGTRIAADVLRGRVFEANLADLNQSAGEEEAYRKVRFTVQEVQGRNLLTQFHSMEVTTDKMASLLRKWCTTMETTVEVKTADGYTMRLFVVAFTKPQANQQSRNCYAKQRLVKWLRMRITKMIKRRLSKVQIKEAVSLLTRNVLSDALVRRCNPILPLRELRIRKVRVVRTPKFDAQALLSAHGTIPASVEADQR
E9BU,ETMARKEWYDVVAPANFEKRQFAKTICNKTQGTRIAADVLRGRVFEANLADLNQSAGEEEAYRKVRFTVQEVQGRNLLTQFHSMEVTTDKMASLLRKWCTTMETTVEVKTADGYTMRLFVVAFTKPQANQQSRNCYAKQRLVKWLRMRITKMIKRRLSKVQIKEAVSLLTRNVLSDALVRRCNPILPLRELRIRKVRVVRTPKFDAQALLSAHGTIPASVEADQR
E9BU,ETMARKEWYDVVAPANFEKRQFAKTICNKTQGTRIAADVLRGRVFEANLADLNQSAGEEEAYRKVRFTVQEVQGRNLLTQFHSMEVTTDKMASLLRKWCTTMETTVEVKTADGYTMRLFVVAFTKPQANQQSRNCYAKQRLVKWLRMRITKMIKRRLSKVQIKEAVSLLTRNVLSDALVRRCNPILPLRELRIRKVRVVRTPKFDAQALLSAHGTIPASVEADQR
G0WK,YPIINFTTAGATVQSYTNFIRAVRGRLTTGADVRHEIPVLPNRVGLPINQRFILVELSNHAELSVTLALDVTNAYVVGYRAGNSAYFFHPDNQEDAEAITHLFTDVQNRYTFAFGGNYDRLEQLAGNLRENIELGNGPLEEAISALYYYSTGGTQLPTLARSFIICIQMISEAARFQYIEGEMRTRIRYNRRSAPDPSVITLENSWGRLSTAIQESNQGAFASPIQLQRRNGSKFSVYDVSILIPIIALMVYRCA
H9D0,TMSLQVDLLNNTFANPFMNAAGVMCSTTEDLVAMTESASGSLVSKSCTPALREGNPTPRYRALPLGSINSMGLPNNGFDFYLAYAAEQHDYGRKPLFLSMSGLSVRENVEMCKRLAAVATEKGVILELNLSCPNVPGKPQVAYDFDAMRQCLTAVSEVYPHSFGVKMPPYFDFAHFDAAAEILNEFPQVQFITCINSIGNGLVIDAETESVVIKPKQGFGGLGGRYVLPTALANVNAFYRRCPGKLIFGCGGVYTGEDAFLHVLAGASMVQVGTALHEEGPAIFERLTAELLDVMAKKGYQTLDEFRGKVRTLD
O158,NIPGAILHSLAELQDGLNAMIDPSWRAVRSLDNWALAITMESTELLDSYPWKWWKNLNATPDLANVRIELVDIFHFSLSGAMQMRSTPDDEIPAASLKPLKEVMTTFLPAKECTSDPYGFVFFPLTDTQNAIASFRNIIQLANAYRFDVIIECIIYAAEDLGFNLVAYYIAKHTLNCIRQLSGYKDGSYVKVNNGVEDNSLLHNCIKDVSLDEVLDADKYVQAWNSIMANVYEAFQIKESDRKDAERWFALAKENRL
O439,YPIINFTTAGATVQSYTNFIRAVRGRLTTGADVRHEIPVLPNRVGLPINQRFILVELSNHAELSVTLALDVTNAYVVGYRAGNSAYFFHPDNQEDAEAITHLFTDVQNRYTFAFGGNYDRLEQLAGNLRENIELGNGPLEEAISALYYYSTGGTQLPTLARSFIICIQMISEAARFQYIEGEMRTRIRYNRRSAPDPSVITLENSWGRLSTAIQESNQGAFASPIQLQRRNGSKFSVYDVSILIPIIALMVYRCA
O440,QYPIINFTTAGATVQSYTNFIRAVRGRLTTGADVRHEIPVLPNRVGLPINQRFILVELSNHAELSVTLALDVTNAYVVGYRAGNSAYFFHPDNQEDAEAITHLFTDVQNRYTFAFGGNYDRLEQLAGNLRENIELGNGPLEEAISALYYYSTGGTQLPTLARSFIICIQMISEAARFQYIEGEMRTRIRYNRRSAPDPSVITLENSWGRLSTAIQESNQGAFASPIQLQRRNGSKFSVYDVSILIPIIALMVYRCAPPP
O463,YPIINFTTAGATVQSYTNFIRAVRGRLTTGADVRHEIPVLPNRVGLPINQRFILVELSNHAELSVTLALDVTNAYVVGYRAGNSAYFFHPDNQEDAEAITHLFTDVQNRYTFAFGGNYDRLEQLAGNLRENIELGNGPLEEAISALYYYSTGGTQLPTLARSFIICIQMISEAARFQYIEGEMRTRIRYNRRSAPDPSVITLENSWGRLSTAIQESNQGAFASPIQLQRRNGSKFSVYDVSILIPIIALMVYRCA
O771,SLKEIGPNSLLLEDSHSLSQLLKKNYRWYSPIFSPRNVPRFADVSSITESPETLKAIRDFLVERYRTMSPAPTHILGFDARGFLFGPMIAVELGIPFVLMRKADKNAGLLIRSEPYEKEYKEAAPEVMTIRHGSIGKNSRVVLIDDVLATGGTALSGLQLVEASGAEVVEMVSILTIPFLKAAERIHSTAGGRYKNVRFIGLLSEDVLTEANCGDL
P428,GVTDSSLLNLPAWKRLQSLYEKYGNDSILSHFEKDHQRFQRYSIEIDLHSDDNFLFLDYSKSHINDEIKDALVALAEERGVRAFAKAMFDGQRVNSTENRAVLHVALRNRSNRPIIVDGKDVMSDVNNVLAQMKDFTERVRSGEWKGQTGKSIYNIVNIGIGGSDLGPVMVTEALKPFSKRDLHCFFVSNVDGTHMAEVLKQVNLEETIFIIASKTFTTQETLTNAMSARNALMSYLKENGISTDGAVAKHFVALSTNTEKVREFGIDTVNMFAFWDWVGGRYSVWSAIGLSVMLSIGYDNFVEFLTGAHVMDNHFASTPTEQNLPMMLALVGIWYNNFFGSETQAVLPYDQYLWRLPAYLQQLDMESNGKGVTKKSGAVAVQTGPIVFGEAGTNGQHAFYQLIHQGTKIIPCDFIGCVQTQNRVGDHHRTLMSNFFAQTEALMVGKNAEEVRQELVKSGMSGDAIENMIPHKTFTGSRPSNSILVNALTPRALGAIIAMYEHKVLVQGAIWGINSYDQWGVELGKVLAKSILPQLKSGNIVSDHDGSTNGLINMFNTRAH
P484,SAKPQPIAAANWKCNGTTASIEKLVQVFNEHTISHDVQCVVAPTFVHIPLVQAKLRNPKYVISAENAIAKSGAFTGEVSMPILKDIGVHWVILGHSERRTYYGETDEIVAQKVSEACKQGFMVIACIGETLQQREANQTAKVVLSQTSAIAAKLTKDAWNQVVLAYEPVWAIGTGKVATPEQAQEVHLLLRKWVSENIGTDVAAKLRILYGGSVNAANAATLYAKPDINGFLVGGASLKPEFRDIIDATR
P840,HMTIRVMLQAMDQGHLLVNNVDKYVRAGRGVMVYIAFLSDRDSAPITDEALRHAVGVLLHTKIFTHFSPEKMINQPQSLEECPEMDILIVPQASLGGKVKGRSVQFHQLVAKDVGAALYDRFCHFVRVARGVDESRVDANGAPRSEGDAPKAEGWIKYNSRVISGTFGNRQGLRFESEGPFTHMFDI
Q063,YPIINFTTAGATVQSYTNFIRAVRGRLTTGADVRHEIPVLPNRVGLPINQRFILVELSNHAELSVTLALDVTNAYVVGYRAGNSAYFFHPDNQEDAEAITHLFTDVQNRYTFAFGGNYDRLEQLAGNLRENIELGNGPLEEAISALYYYSTGGTQLPTLARSFIICIQMISEAARFQYIEGEMRTRIRYNRRSAPDPSVITLENSWGRLSTAIQESNQGAFASPIQLQRRNGSKFSVYDVSILIPIIALMVYRCA
Q063,QYPIINFTTAGATVQSYTNFIRAVRGRLTTGADVRHEIPVLPNRVGLPINQRFILVELSNHAELSVTLALDVTNAYVVGYRAGNSAYFFHPDNQEDAEAITHLFTDVQNRYTFAFGGNYDRLEQLAGNLRENIELGNGPLEEAISALYYYSTGGTQLPTLARSFIICIQMISEAARFQYIEGEMRTRIRYNRRSAPDPSVITLENSWGRLSTAIQESNQGAFASPIQLQRRNGSKFSVYDVSILIPIIALMVYRCAPPP
Q253,VPDAVDWREKGAVTPVKDQGACGSCWAFSAVGNIEGQWYLAGHELVSLSEQQLVSCDDMDNGCSGGLMLQAFDWLLQNTNGHLHTEDSYPYVSGNGYVPECSNSSELVVGAQIDGHVLIGSSEKAMAAWLAKNGPIAIALDASSFMSYKSGVLTACIGKQLNHGVLLVGYDMTGEVPYWVIKNSWGGDWGEQGYVRVVMGVNACLLSEYPVSAHVR
Q276,PFKEVSPNSFLLDDSHALSQLLKKSYRWYSPVFSPRNVPRFADVSSITESPETLKAIRDFLVQRYRAMSPAPTHILGFDARGFLFGPMIAVELEIPFVLMRKADKNAGLLIRSEPYEKEYKEAAPEVMTIRYGSIGKGSRVVLIDDVLATGGTALSGLQLVEASDAVVVEMVSILSIPFLKAAEKIHSTANSRYKDIKFISLLSDDALTEENCGDSKNYTGPRVLSCGDVLAEHPH
Q278,APIKVGINGFGRIGRMVFQAICDQGLIGTEIDVVAVVDMSTNAEYFAYQMKHDTVHGRPKYTVEAVKSSPSVETADVLVVNGHRIKCVKAQRNPADLPWGKLGVDYVIESTGLFTDKLKAEGHIKGGAKKVVISAPASGGAKTIVMGVNQHEYSPASHHVVSNASCTTNCLAPIVHVLTKENFGIETGLMTTIHSYTATQKTVDGVSLKDWRGGRAAAVNIIPSTTGAAKAVGMVIPSTKGKLTGMSFRVPTPDVSVVDLTFRATRDTSIQEIDKAIKKAAQTYMKGILGFTDEELVSADFINDNRSSVYDSKATLQNNLPGEKRFFKVVSWYDNEWAYSHRVVDLVRYMAAKDAASS
Q2QK,MAISGVTLEESVRGAIDDLRMKKSRYVMMCIGADGKKIEVTEVGERSVNYTDLKEKFSTEKPCYVAFDFEYNDAGSKREKLILIQWIPDTARPREKMMYSASRDALSSVSEGYLPIQANDESGLDAEEIIRKVRLHRSVAAALE
Q4Q1,ETMARKEWYDVVAPANFEKRQFAKTICNKTQGTRIAADVLRGRVFEANLADLNQSAGEEEAYRKVRFTVQEVQGRNLLTQFHSMEVTTDKMASLLRKWCTTMETTVEVKTADGYTMRLFVVAFTKPQANQQSRNCYAKQRLVKWLRMRITKMIKRRLSKVQIKEAVSLLTRNVLSDALVRRCNPILPLRELRIRKVRVVRTPKFDAQALLSAHGTIPASVEADQR
Q4Q1,HPRPLPAGKHAHRQSLETIPEVAELYHCIYKLYNEEESSVWFREPVNALAQEIFTYYDVVKSPMSLRHILDNIVKGDTYSTALQVMEDVELIWKNCITFNGANSLLATEAGKCRSALDRIRRAYQ
Q4Q1,ETMARKEWYDVVAPANFEKRQFAKTICNKTQGTRIAADVLRGRVFEANLADLNQSAGEEEAYRKVRFTVQEVQGRNLLTQFHSMEVTTDKMASLLRKWCTTMETTVEVKTADGYTMRLFVVAFTKPQANQQSRNCYAKQRLVKWLRMRITKMIKRRLSKVQIKEAVSLLTRNVLSDALVRRCNPILPLRELRIRKVRVVRTPKFDAQALLSAHGTIPASVEADQR
Q4Q1,ETMARKEWYDVVAPANFEKRQFAKTICNKTQGTRIAADVLRGRVFEANLADLNQSAGEEEAYRKVRFTVQEVQGRNLLTQFHSMEVTTDKMASLLRKWCTTMETTVEVKTADGYTMRLFVVAFTKPQANQQSRNCYAKQRLVKWLRMRITKMIKRRLSKVQIKEAVSLLTRNVLSDALVRRCNPILPLRELRIRKVRVVRTPKFDAQALLSAHGTIPASVEADQR
Q4Q3,SEEPPFDIRALRADIEDMISEKLELGPSLIRLAWHEAASYDCFKKDGSPNSASMRFKPECLYAGNKGLDIPRKALETLKKKYPQISYADLWVLAAYVAIEYMGGPTIPFCWGRVDAKDGSVCGPDGRLPDGSKTQSHVREVFRRLGFNDQETVALIGAHTCGECHIEFSGYHGPWTHDKNGFDNSFFTQLLDEDWVLNPKVEQMQLMDRATTKLMMLPSDVCLLLDPSYRKYVELYAKDNDRFNKDFANAFKKLTELGTRNLHKAPAS
Q4Q4,GSHMPFLQTIVSVSLDDQKRANLSAAYGMICREELGKPEDFVMTAFSDKTPISFQGSTAPAAYVRVESWGEYAPSKPKMMTPRIAAAITKECGIPAERIYVFYYSTKHCGWNGTNF
Q4Q4,PVIQTFVSTPLDHHKRENLAQVYRAVTRDVLGKPEDLVMMTFHDSTPMHFFGSTDPVACVRVEALGGYGPSEPEKVTSIVTAAITKECGIVADRIFVLYFSPLHCGWNGTNF
Q4Q4,ETMARKEWYDVVAPANFEKRQFAKTICNKTQGTRIAADVLRGRVFEANLADLNQSAGEEEAYRKVRFTVQEVQGRNLLTQFHSMEVTTDKMASLLRKWCTTMETTVEVKTADGYTMRLFVVAFTKPQANQQSRNCYAKQRLVKWLRMRITKMIKRRLSKVQIKEAVSLLTRNVLSDALVRRCNPILPLRELRIRKVRVVRTPKFDAQALLSAHGTIPASVEADQR
Q4Q5,NYTYIKPEELVELLDNPDSLVKAAVIDCRDSDRDCGFIVNSINMPTISCTEEMYEKLAKTLFEEKKELAVFHCAQSLVRAPKGANRFALAQKKLGYVLPAVYVLRGGWEAFYHMYGDVRPDLMYVKLGPEQKLISEEDLNSAVDH
Q4Q5,SNRRREMDYMRLCNSTRKVYPSDTVAEFWVEFKGPEGTPYEDGTWMLHVQLPSDYPFKSPSIGFCNRILHPNVDERSGSVCLDVINQTWTPMYQLENIFDVFLPQLLRYPNPSDPLNVQAAHLLHADRVGFDALLREHVSTHATPQKALESIPEAYRP
Q4Q5,AHAFWSTQPVPQTEDETEKIVFAGPMDEPKTVADIPEEPYPIASTFEWWTPNMEAADDIHAIYELLRDNYVEDDDSMFRFNYSEEFLQWALCPPNYIPDWHVAVRRKADKKLLAFIAGVPVTLRMGTPKYMKVKAQEKGEGEEAAKYDEPRHICEINFLCVHKQLREKRLAPILIKEATRRVNRTNVWQAVYTAGVLLPTPYASGQYFHRSLNPEKLVEIRFSGIPAQYQKFQNPMAMLKRNYQLPSAPKNSGLREMKPSDVPQVRRILMNYLDSFDVGPVFSDAEISHYLLPRDGVVFTYVVENDKKVTDFFSFYRIPSTVIGNSNYNLLNAAYVHYYAATSIPLHQLILDLLIVAHSRGFDVCNMVEILDNRSFVEQLKFGAGDGHLRYYFYNWAYPKIKPSQVALVML
Q4Q6,QYPIINFTTAGATVQSYTNFIRAVRGRLTTGADVRHEIPVLPNRVGLPINQRFILVELSNHAELSVTLALDVTNAYVVGYRAGNSAYFFHPDNQEDAEAITHLFTDVQNRYTFAFGGNYDRLEQLAGNLRENIELGNGPLEEAISALYYYSTGGTQLPTLARSFIICIQMISEAARFQYIEGEMRTRIRYNRRSAPDPSVITLENSWGRLSTAIQESNQGAFASPIQLQRRNGSKFSVYDVSILIPIIALMVYRCAPPP
Q4Q6,QYPIINFTTAGATVQSYTNFIRAVRGRLTTGADVRHEIPVLPNRVGLPINQRFILVELSNHAELSVTLALDVTNAYVVGYRAGNSAYFFHPDNQEDAEAITHLFTDVQNRYTFAFGGNYDRLEQLAGNLRENIELGNGPLEEAISALYYYSTGGTQLPTLARSFIICIQMISEAARFQYIEGEMRTRIRYNRRSAPDPSVITLENSWGRLSTAIQESNQGAFASPIQLQRRNGSKFSVYDVSILIPIIALMVYRCAPPP
Q4Q7,ASDAALADATRRELEEEMGRSDKPEQPTPPAGWQVVRKPGTCTFDLTKSFEGEDLVVRYSTNQDSDKANSHNIFVYITQKNGQTMQADLSIEEGELVLNNIRFYDEAALAKDTGAEAEAKRNELYTGPLVHELDYDLLNCVMTYLEKRGVDEKLGEFVVLYSFWAEQQDYEAWLTTMNKFAS
Q4Q7,ETMARKEWYDVVAPANFEKRQFAKTICNKTQGTRIAADVLRGRVFEANLADLNQSAGEEEAYRKVRFTVQEVQGRNLLTQFHSMEVTTDKMASLLRKWCTTMETTVEVKTADGYTMRLFVVAFTKPQANQQSRNCYAKQRLVKWLRMRITKMIKRRLSKVQIKEAVSLLTRNVLSDALVRRCNPILPLRELRIRKVRVVRTPKFDAQALLSAHGTIPASVEADQR
Q4Q8,ETMARKEWYDVVAPANFEKRQFAKTICNKTQGTRIAADVLRGRVFEANLADLNQSAGEEEAYRKVRFTVQEVQGRNLLTQFHSMEVTTDKMASLLRKWCTTMETTVEVKTADGYTMRLFVVAFTKPQANQQSRNCYAKQRLVKWLRMRITKMIKRRLSKVQIKEAVSLLTRNVLSDALVRRCNPILPLRELRIRKVRVVRTPKFDAQALLSAHGTIPASVEADQR
Q4Q9,ETMARKEWYDVVAPANFEKRQFAKTICNKTQGTRIAADVLRGRVFEANLADLNQSAGEEEAYRKVRFTVQEVQGRNLLTQFHSMEVTTDKMASLLRKWCTTMETTVEVKTADGYTMRLFVVAFTKPQANQQSRNCYAKQRLVKWLRMRITKMIKRRLSKVQIKEAVSLLTRNVLSDALVRRCNPILPLRELRIRKVRVVRTPKFDAQALLSAHGTIPASVEADQR
Q4Q9,ETMARKEWYDVVAPANFEKRQFAKTICNKTQGTRIAADVLRGRVFEANLADLNQSAGEEEAYRKVRFTVQEVQGRNLLTQFHSMEVTTDKMASLLRKWCTTMETTVEVKTADGYTMRLFVVAFTKPQANQQSRNCYAKQRLVKWLRMRITKMIKRRLSKVQIKEAVSLLTRNVLSDALVRRCNPILPLRELRIRKVRVVRTPKFDAQALLSAHGTIPASVEADQR
Q4Q9,SAQIIDGKAIAAAIRSELKDKVAALRELYGGRVPGLASIIVGQRMDSKKYVQLKHKAAAEVGMASFNVELPEDISQEVLEVNVEKLNNDPNCHGIIVQLPLPKHLNENRAIEKIHPHKDADALLPVNVGLLHYKGREPPFTPCTAKGVIVLLKRCGIEMAGKRAVVLGRSNIVGAPVAALLMKENATVTIVHSGTSTEDMIDYLRTADIVIAAMGQPGYVKGEWIKEGAAVVDVGTTPVPDPSRKDGYRLVGDVCFEEAAARAAWISPVPGGVGPMTIAMLLENTLEAFKAALGVS
Q4Q9,ETMARKEWYDVVAPANFEKRQFAKTICNKTQGTRIAADVLRGRVFEANLADLNQSAGEEEAYRKVRFTVQEVQGRNLLTQFHSMEVTTDKMASLLRKWCTTMETTVEVKTADGYTMRLFVVAFTKPQANQQSRNCYAKQRLVKWLRMRITKMIKRRLSKVQIKEAVSLLTRNVLSDALVRRCNPILPLRELRIRKVRVVRTPKFDAQALLSAHGTIPASVEADQR
Q4QA,AEFNFVPLVSKVSHKETKYRLLTKDYVSVVQPGAGLPEMLRVDPAALTLLSSTAFDDVEHLLRSSHLMSLRKIFDDPEASDNDKFVALQLLKNANISSARLLPGCQDTGTAIIAGYRGDQVFVPGNDEEALSRGVYDIFQKRNFRYSQNVPLSMYDEKNTGTNLPAQIDLYASKGMEYSFMFVAKGGGSANKSFLLQETKSVLNPKSLRNFLKEKLAMFGTSACPPYHVAVVIGGTSAEMTMKVLKYASCHYYDDLITKPDMKTGYTFRDLELEEEVLKVCQNIGMGAQFGGKYYAHDVRVIRMPRHGASCPIGIGVSCSADRQALGKINKDGVWLEELEMEPSQYLPDLKEDELLKTPAVMVNLNRPMPEVLQELSKHPVRTRLSLTGTIIVARDSAHARMREMLEAGKPLPQYMKEHPVYYAGPAKQPDGLPSGSFGPTTAGRMDPFVDLFQSHGGSMVMLAKGNRSKQVTKACHKYGGFYLGSIGGPAAVLAQNAIKKVECLDMKDLGMEAVWRIEVENFPAFIVVDDKGNDFFEQL
Q4QB,MTNPKVFFDISIDNKAAGRIVMELYADTVPKTAENFRALCTGEKGKGRSGKPLHYKSSVFHRVIPNFMIQGGDFTRGNGTGGESIYGTTFRDESFSGKAGRHTGLGCLSMANAGPNTNGSQFFICTAATPWLDGKHVVFGRVIDGLDVVKKVERLGSSSGKTRSRIVVSDCGEVAADKS
Q4QB,AHMERFQKVYEEVQEFLLGDAEKRFEMDVHRKGYLKSMMDTTCLGGKYNRGLCVVDVAEAMAKDTQMDAAAMERVLHDACVCGWMIEMLQAHFLVEDDIMDHSKTRRGKPCWYLHPGVTAQVAINDGLILLAWATQMALHYFADRPFLAEVLRVFHDVDLTTTIGQLYDVTSMVDSAKLDAKVAHANTTDYVEYTPFNHRRIVVYKTAYYTYWLPLVMGLLVSGTLEKVDKKATHKVAMVMGEYFQVQDDVMDCFTPPEKLGKIGTDIEDAKCSWLAVTFLTTAPAEKVAEFKANYGSTDPAAVAVIKQLYTEQNLLARFEEYEKAVVAEVEQLIAALEAQNAAFAASVKVLWSKTYKRQK
Q4QC,FQQPNYTANFVQSTFNALHRQGAVPDVLVVGGDGRYYTSEAVQVILKVSAANGVRCVWVGQHGLLSTPAVSTMVRRRRDADGRKATGAFILTASHNPGGPDADFGIKYNSENGGPAPEKLTSQIYEETVKITHIKMAPTLPEVDIHTLGTYTFDDYNFQVEVVDSLADYAAYMQEVFDFEAIRALVQRLDFKVHVDSLHGVSGPYVDRIFHEGLGVPKTSLFRTNVLPDFGGCHPDPNLTYAADLVHVMGLLPDGNANPAMKHISTVPSFGVAFDGDADRNMILGCRFFVNPSDSLAVLAANADCVPFFTQSSSSGLKAVARSMPTSGAVDRVAAAHDFALFEVPTGWKFFGNLMDSKDLYGGKDFNPLLCGEESFGTGSNHIREKDGIWASLFWLSVIAKRNAPGTPLVGVQQIVEEHWATYGRNYYSRYDYEDVSAEAAKAVMDTVENTVVDDVPNLNGVACKTIDNFSYTDPIDGSVSTKQGVRVLFEDGSRFVLRLSGTGSSGATIRLYLEQYMDSATVKSHLAEKTLPTASTALKALIGVALQVSKMESLTGRKTPTVIT
Q4QD,KSLSAAAQACVKKMRDAKVNEACIRTFIAQHVMVSKGETGSIPDSAIMPVDSLDALDSLTIECDNAVLQSTVVLKLNGGLGTGMGLCDAKTLLEVKDGKTFLDFTALQVQYLRQHCSEHLRFMLMDSFNTSASTKSFLKARYPWLYQVFDSEVELMQNQVPKILQDTLEPAAWAENPAYEWAPPGHGDIYTALYGSGKLQELVEQGYRYMFVSNGDNLGATIDKRVLAYMEKEKIDFLMEVCRRTESDKKGGHLARQTVYVKGKDGQPDAEKRVLLLRESAQCPKADMESFQDINKYSFFNTNNLWIRLPVLLETMQEHGGTLPLPVIRNEKTVDSSNSASPKVYQLETAMGAAIAMFESASAIVVPRSRFAPVKTCADLLALRSDAYVVTDDFRLVLDDRCHGHPPVVDLDSAHYKMMNGFEKLVQHGVPSLVECKRVTVKGLVQFGAGNVLTGTVTIENTDSASAFVIPDGAKLNDTTASP
Q4QE,WLASLKQTLGLLPADRKIRVLMLGLDNAGKTSILYRLHLGDVVTTVPTVGVNLETLQYKNISFEVWDLGGQTGVRPYWRCYFSDTDAVIYVVDSTDRDRMGVAKHELYALLDEDELRKSLLLIFANKQDLPDAASEAEIAEQLGVSSIMNRTWTIVKSSSKTGDGLVEGMDWLVERLREQG
Q4QE,SEEPPFDIRALRADIEDMISEKLELGPSLIRLAWHEAASYDCFKKDGSPNSASMRFKPECLYAGNKGLDIPRKALETLKKKYPQISYADLWVLAAYVAIEYMGGPTIPFCWGRVDAKDGSVCGPDGRLPDGSKTQSHVREVFRRLGFNDQETVALIGAHTCGECHIEFSGYHGPWTHDKNGFDNSFFTQLLDEDWVLNPKVEQMQLMDRATTKLMMLPSDVCLLLDPSYRKYVELYAKDNDRFNKDFANAFKKLTELGTRNLHKAPAS
Q4QF,YPIINFTTAGATVQSYTNFIRAVRGRLTTGADVRHEIPVLPNRVGLPINQRFILVELSNHAELSVTLALDVTNAYVVGYRAGNSAYFFHPDNQEDAEAITHLFTDVQNRYTFAFGGNYDRLEQLAGNLRENIELGNGPLEEAISALYYYSTGGTQLPTLARSFIICIQMISEAARFQYIEGEMRTRIRYNRRSAPDPSVITLENSWGRLSTAIQESNQGAFASPIQLQRRNGSKFSVYDVSILIPIIALMVYRCA
Q4QF,QYPIINFTTAGATVQSYTNFIRAVRGRLTTGADVRHEIPVLPNRVGLPINQRFILVELSNHAELSVTLALDVTNAYVVGYRAGNSAYFFHPDNQEDAEAITHLFTDVQNRYTFAFGGNYDRLEQLAGNLRENIELGNGPLEEAISALYYYSTGGTQLPTLARSFIICIQMISEAARFQYIEGEMRTRIRYNRRSAPDPSVITLENSWGRLSTAIQESNQGAFASPIQLQRRNGSKFSVYDVSILIPIIALMVYRCAPPP
Q4QF,MAANCIFCKIIKGDIPCAKVAETSKALAFMDINPLSRGHMLVIPKEHASCLHELGMEDAADVGVLLAKASRAVAGPDGSMQYNVLQNNGSLAHQEVPHVHFHIIPKTDEKTGLKIGWDTVKVASDELAEDAKRYSEAIAKI
Q4QG,PTSTGVYAPSARHMNDNQELMEWFRAVDTDGSGAISVPELNAALSSAGVPFSLATTEKLLHMYDKNHSGEITFDEFKDLHHFILSMREGFRKRDSSGDGRLDSNEVRAALLSSGYQVSEQTFQALMRKFDRQRRGSLGFDDYVELSIFVCRVRNVFAFYDRERTGQVTFTFDTFIGGSVSIL
Q4QG,SRLMPHYSKGKTAFLCVDLQEAFSKRIENFANCVFVANRLARLHELVPENTKYIVTEHYPKGLGRIVPGITLPQTAHLIEKTRFSCIVPQVEELLEDVDNAVVFGIEGHACILQTVADLLDMNKRVFLPKDGLGSQKKTDFKAAMKLMGSWSPNCEITTSESILLQMTKDAMDPNFKKISKLLKEEPPIPL
Q4QG,ETMARKEWYDVVAPANFEKRQFAKTICNKTQGTRIAADVLRGRVFEANLADLNQSAGEEEAYRKVRFTVQEVQGRNLLTQFHSMEVTTDKMASLLRKWCTTMETTVEVKTADGYTMRLFVVAFTKPQANQQSRNCYAKQRLVKWLRMRITKMIKRRLSKVQIKEAVSLLTRNVLSDALVRRCNPILPLRELRIRKVRVVRTPKFDAQALLSAHGTIPASVEADQR
Q4QH,SAMKRPRSNSIVEETAVSAYVQTCTNFKSNVTFTDISKVSCVAYHVLLVGALEQLRDNSLKSVLFYCPAVAEALQRVKAGSTVKTLAEVPGRKGYTEVMVTALPATTSRTNCPYRADSMSEAVAAACGSVEEGEVLDVYVCAPAGSETAVANAVARAAPHSYTAKAGQATKAYMKQAMSLNVVMSSRAAFTQELVRGKSVCVAELEAICTSVQLCQRLVDTPPCMLDTVVYAEIAAAYAAELGVDMTVIKGDELREKGYGGIYAVGKCAQYPAHLVTLRYRNPNAAEGAKNIAMVGKGIVYDCGGLALKPAAHMTNMKTDMGGSAGVFCAFIAVVRSMKMQRTHFSHIANISVTLCLAENAIGPHSYRNDDVVVMKSGKSVEVMNTDAEGRIVLGDGVYYATGEQDFVPDVLIDMATLTGAQGVATGSKHAGVYASDAEAEKDMISAGLQSGDLCYPVLYCPEYHEEVYKSPCADMRNIANSSSSAGSSCGGYFVEQHLSERFRGPFVHVDMAYPTSNTAGATGYGVTLVFEFLRQH
Q4QI,CYHTLPHLRYPAELPTLGFNYKDGIQPVMSPRQLELHYSKHHSAYVDKLNTLGKGYEGKTIEEIILATTGINESKVMFNQAAQHFNHSFFWKCLSPGGKPMPKTLENAIAKQFGSVDDFMVSFQQAGVNNFGSGWTWLCVDPQTKELLIDSTSNAGCPLTSGLRPIFTADVWEHAYYKDFENRRADYLKELWQIVDWEFVCHMYERATK
Q5SD,MGCGASSENSSVTYVNGRPTFVGEEVTKGFEKDNGLLFRIVNKKKKQWAYYNDTTQYEMHVLVTFNEDCDIKALGKTKLEQQENGEWVASVVVYPCETEMFIEGRVNGFKSKMDALPLSEEYRQHQAEKDK
Q66V,YPIINFTTAGATVQSYTNFIRAVRGRLTTGADVRHEIPVLPNRVGLPINQRFILVELSNHAELSVTLALDVTNAYVVGYRAGNSAYFFHPDNQEDAEAITHLFTDVQNRYTFAFGGNYDRLEQLAGNLRENIELGNGPLEEAISALYYYSTGGTQLPTLARSFIICIQMISEAARFQYIEGEMRTRIRYNRRSAPDPSVITLENSWGRLSTAIQESNQGAFASPIQLQRRNGSKFSVYDVSILIPIIALMVYRCA
Q68R,SRRMLHTMIRVGDLDRSIKFYTERLGMKVLRKWDVPEDKYTLVFLGYGPEMSSTVLELTYNYGVTSYKHDEAYGHIAIGVEDVKELVADMRKHDVPIDYEDESGFMAFVVDPDGYYIELLNEKTMMEKAEADMKEQGTA
Q6Q1,NYTYIKPEELVELLDNPDSLVKAAVIDCRDSDRDCGFIVNSINMPTISCTEEMYEKLAKTLFEEKKELAVFHCAQSLVRAPKGANRFALAQKKLGYVLPAVYVLRGGWEAFYHMYGDVRPDLMYVKLGPEQKLISEEDLNSAVDH
Q6S9,VIAVTPEEREAVMSIDFGGAYDFTSPGFNLFEVREKYSEPMDAAAGVVYNLLWNSGLPEKFGCREQTLLNFILQCRRRYRRVPYHNFYHVVDVCQTLHTYLYTGKASELLTELECYVLLVTALVHDLDHMGVNNSFYLKTDSPLGILSSASGNNSVLEVHHCSLAIEILSDPAADVFEGLSGQDVAYAYRALIDCVLATDMAKHADALSRFTELATSGFEKDNDTHRRLVMETLIKAGDVSNVTKPFETSRMWAMAVTEEFYRQGDMEKEKGVEVLPMFDRSKNNELARGQIGFIDFVAGKFFRDIVGNLFHGMQWCVDTVNSNRAKWQEILDGR
Q6TU,KKMSIVLAPFSGGQPHSGVELGPDYLLKQGLQQDMEKLGWDTRLERVFDGKVVEARKASDNGDRIGRVKRPRLTAECTEKIYKCVRRVAEQGRFPLTIGGDHSIALGTVAGVLSVHPDAGVIWVDAHADINTMSGTVSGNLHGCPLSILLGLDRENIPECFSWVPQVLKPNKIAYIGLRAVDDEEKKILHDLNIAAFSMHHVDRYGIDKVVSMAIEAVSPKGTEPVMVSYDVDTIDPLYVPATGTPVRGGLSFREALFLCERIAECGRLVALDVVECNPLLAATESHVNDTISVGCAIARCMMGETLLYTP
Q868,GSHMIAPLSVKDNDKWVDTHVGKTTEIHLKGNPTTGYMWTRVGFVGKDVLSDEILEVVCKYTPTPSSTPMVGVGGIYVVLVKPRKRGHHTLELVYTRPFEGIKPENERYTLHLNVK
Q86N,LLLKPHKDLPRRTVLIVVMDGLGIGPEDDYDAVHMASTPFMDAHRRDNRHFRCVRAHGTAVGLPTDADMGNSEVGHNALGAGRVALQGASLVDDAIKSGEIYTGEGYRYLHGAFSKEGSTLHLIGLLSDGGVHSRDNQIYSIIEHAVKDGAKRIRVHALYDGRDVPDGSSFRFTDELEAVLAKVRQNGCDAAIASGGGRMFVTMDRYDADWSIVERGWRAQVLGDARHFHSAKEAITTFREEDPKVTDQYYPPFIVVDEQDKPLGTIEDGDAVLCVNFRGDRVIEMTRAFEDEDFNKFDRVRVPKVRYAGMMRYDGDLGIPNNFLVPPPKLTRVSEEYLCGSGLNIFACSETQKFGHVTYFWNGNRSGKIDEKHETFKEVPSDRVQFNEKPRMQSAAITEAAIEALKSGMYNVVRINFPNGDMVGHTGDLKATITGVEAVDESLAKLKDAVDSVNGVYIVTADHGNSDDMAQRDKKGKPMKDGNGNVLPLTSHTLSPVPVFIGGAGLDPRVAMRTDLPAAGLANVTATFINLLGFEAPEDYEPSLIYVE
Q8I8,YPIINFTTAGATVQSYTNFIRAVRGRLTTGADVRHEIPVLPNRVGLPINQRFILVELSNHAELSVTLALDVTNAYVVGYRAGNSAYFFHPDNQEDAEAITHLFTDVQNRYTFAFGGNYDRLEQLAGNLRENIELGNGPLEEAISALYYYSTGGTQLPTLARSFIICIQMISEAARFQYIEGEMRTRIRYNRRSAPDPSVITLENSWGRLSTAIQESNQGAFASPIQLQRRNGSKFSVYDVSILIPIIALMVYRCA
Q8MP,HMASIEKVANCIRCLAADIVQGGKSGHPGTPMGMAPMSAVLWTEVMKYNSQDPDWVDRDRFVMSNGHGCALQYALLHMAGYNLTMDDLKGFRQDGSRTPGHPERFVTPGVEVTTGPLGQGIANAVGLAIAEAHLAATFNRPGYNIVDHYTYVYCGDGCLMEGVCQEALSLAGHLALEKLIVIYDSNYISIDGSTSLSFTEQCHQKYVAMGFHVIEVKNGDTDYEGLRKALAEAKATKGKPKMIVQTTTIGFGSSKQGTEKVHGAPLGEEDIANIKAKFGRDPQKKYDVDDDVRAVFRMHIDKCSAEQKAWEELLAKYTAAFPAEGAAFVAQMRGELPSGWEAKLPTNSSAIATRKASENCLAVLFPAIPALMGGSADLTPSNLTRPASANLVDFSSSSKEGRYIRFGVREHAMCAILNGLDAHDGIIPFGGTFLNFIGYALGAVRLAAISHHRVIYVATHDSIGVGEDGPTHQPVELVAALRAMPNLQVIRPSDQTETSGAWAVALSSIHTPTVLCLSRQNTEPQSGSSIEGVRHGAYSVVDVPDLQLVIVASGSEVSLAVDAAKALSGELRVRVVSMPCQELFDAQPDTYRQAVLPAGVPVVSVEAYVSFGWEKYSHAHVGMSGFGASAPAGVLYKKFGITVEEVVRTGRELAKRFPDGTAPLKNSSFS
Q95U,TATVREAAPQFSGQAVVNGAIKDINMNDYKGKYIVLFFYPMDFTFVCPTEIIAFSDRHADFEKLNTQVVAVSCDSVYSHLAWVNTPRKKGGLGEMHIPVLADKSMEIARDYGVLIEESGIALRGLFIIDKKGILRHSTINDLPVGRNVDEALRVLEAFQYADENG
Q95Z,KAILLFDVDGTLTPPRNPETHDMKEALLKARAAGFKLGVVGGSDFAKQKEQLGESILEDFDYVFSENGLLAYKDGKEFHRNSLLRALGNEKVVAFVKKCLHLIADLDIPVQRGTFVEFRNGMFNVSPIGRNCSQQERDEFENLDKERHIREKLIRELKEAFPDYQLAYSVGGQISFDVFPKGWDKTYCLQFVENDFETIHFFGDKTSEGGNDYEIFTDSRTIGHSVKTYKDTIAILEALLED
Q9BI,ETMARKEWYDVVAPANFEKRQFAKTICNKTQGTRIAADVLRGRVFEANLADLNQSAGEEEAYRKVRFTVQEVQGRNLLTQFHSMEVTTDKMASLLRKWCTTMETTVEVKTADGYTMRLFVVAFTKPQANQQSRNCYAKQRLVKWLRMRITKMIKRRLSKVQIKEAVSLLTRNVLSDALVRRCNPILPLRELRIRKVRVVRTPKFDAQALLSAHGTIPASVEADQR
Q9N9,ETMARKEWYDVVAPANFEKRQFAKTICNKTQGTRIAADVLRGRVFEANLADLNQSAGEEEAYRKVRFTVQEVQGRNLLTQFHSMEVTTDKMASLLRKWCTTMETTVEVKTADGYTMRLFVVAFTKPQANQQSRNCYAKQRLVKWLRMRITKMIKRRLSKVQIKEAVSLLTRNVLSDALVRRCNPILPLRELRIRKVRVVRTPKFDAQALLSAHGTIPASVEADQR
Q9N9,ETMARKEWYDVVAPANFEKRQFAKTICNKTQGTRIAADVLRGRVFEANLADLNQSAGEEEAYRKVRFTVQEVQGRNLLTQFHSMEVTTDKMASLLRKWCTTMETTVEVKTADGYTMRLFVVAFTKPQANQQSRNCYAKQRLVKWLRMRITKMIKRRLSKVQIKEAVSLLTRNVLSDALVRRCNPILPLRELRIRKVRVVRTPKFDAQALLSAHGTIPASVEADQR
Q9NJ,APIKVGINGFGRIGRMVFQAICDQGLIGTEIDVVAVVDMSTNAEYFAYQMKHDTVHGRPKYTVEAVKSSPSVETADVLVVNGHRIKCVKAQRNPADLPWGKLGVDYVIESTGLFTDKLKAEGHIKGGAKKVVISAPASGGAKTIVMGVNQHEYSPASHHVVSNASCTTNCLAPIVHVLTKENFGIETGLMTTIHSYTATQKTVDGVSLKDWRGGRAAAVNIIPSTTGAAKAVGMVIPSTKGKLTGMSFRVPTPDVSVVDLTFRATRDTSIQEIDKAIKKAAQTYMKGILGFTDEELVSADFINDNRSSVYDSKATLQNNLPGEKRFFKVVSWYDNEWAYSHRVVDLVRYMAAKDAASS
Q9U1,EAPNEKTLRIKVSALKRTIKDLEFAKREVERELQRLDTLCQSDPDRVPQQTKVVDEAQMMVPHSVNRIMASVKDLSDYLEKEGSTVSNEELLDLARATMADGQAAVS
Q9U1,MSSERTFIAVKPDGVQRGLVGEIIARFERKGYKLVALKILQPTTEQAQGHYKDLCSKPFFPALVKYFSSGPIVCMVWEGKNVVKSGRVLLGATNPADSQPGTIRGDFAVDVGRNVCHGSDSVESAEREIAFWFKADEIA
Q9U5,MSRVTVLQSQLPAYNRLKTPYESELIATVKKLTTPGKGLLAADESIGSCTKRFQPIGLSNTEEHRRQYRALMLEAEGFEQYISGVILHDETVGQKASNGQTFPEYLTARGVVPGIKTDMGLCPLLEGAEGEQMTEGLDGYVKRASAYYKKGCRFCKWRNVYKIQNGTVSESAVRFNAETLARYAILSQMSGLVPIVEPEVMIDGKHDIDTCQRVSEHVWREVVAALQRHGVIWEGCLLKPNMVVPGAESGKTAAPEQVAHYTVMTLARTMPAMLPGVMFLSGGLSEVQASEYLNAINNSPLPRPYFLSFSYARALQSSALKAWGGKESGLAAGRRAFLHRARMNSMAQLGKYKRSDD
