pdb,seq_id,seq
A0A0,seq-0,YPIINFTTAGATVQSYTNFIRAVRGRLTTGADVRHEIPVLPNRVGLPINQRFILVELSNHAELSVTLALDVTNAYVVGYRAGNSAYFFHPDNQEDAEAITHLFTDVQNRYTFAFGGNYDRLEQLAGNLRENIELGNGPLEEAISALYYYSTGGTQLPTLARSFIICIQMISEAARFQYIEGEMRTRIRYNRRSAPDPSVITLENSWGRLSTAIQESNQGAFASPIQLQRRNGSKFSVYDVSILIPIIALMVYRCA
A0A0,seq-1,ETMARKEWYDVVAPANFEKRQFAKTICNKTQGTRIAADVLRGRVFEANLADLNQSAGEEEAYRKVRFTVQEVQGRNLLTQFHSMEVTTDKMASLLRKWCTTMETTVEVKTADGYTMRLFVVAFTKPQANQQSRNCYAKQRLVKWLRMRITKMIKRRLSKVQIKEAVSLLTRNVLSDALVRRCNPILPLRELRIRKVRVVRTPKFDAQALLSAHGTIPASVEADQR
A0A0,seq-2,QYPIINFTTAGATVQSYTNFIRAVRGRLTTGADVRHEIPVLPNRVGLPINQRFILVELSNHAELSVTLALDVTNAYVVGYRAGNSAYFFHPDNQEDAEAITHLFTDVQNRYTFAFGGNYDRLEQLAGNLRENIELGNGPLEEAISALYYYSTGGTQLPTLARSFIICIQMISEAARFQYIEGEMRTRIRYNRRSAPDPSVITLENSWGRLSTAIQESNQGAFASPIQLQRRNGSKFSVYDVSILIPIIALMVYRCAPPP
A0A0,seq-3,FQQPNYTANFVQSTFNALHRQGAVPDVLVVGGDGRYYTSEAVQVILKVSAANGVRCVWVGQHGLLSTPAVSTMVRRRRDADGRKATGAFILTASHNPGGPDADFGIKYNSENGGPAPEKLTSQIYEETVKITHIKMAPTLPEVDIHTLGTYTFDDYNFQVEVVDSLADYAAYMQEVFDFEAIRALVQRLDFKVHVDSLHGVSGPYVDRIFHEGLGVPKTSLFRTNVLPDFGGCHPDPNLTYAADLVHVMGLLPDGNANPAMKHISTVPSFGVAFDGDADRNMILGCRFFVNPSDSLAVLAANADCVPFFTQSSSSGLKAVARSMPTSGAVDRVAAAHDFALFEVPTGWKFFGNLMDSKDLYGGKDFNPLLCGEESFGTGSNHIREKDGIWASLFWLSVIAKRNAPGTPLVGVQQIVEEHWATYGRNYYSRYDYEDVSAEAAKAVMDTVENTVVDDVPNLNGVACKTIDNFSYTDPIDGSVSTKQGVRVLFEDGSRFVLRLSGTGSSGATIRLYLEQYMDSATVKSHLAEKTLPTASTALKALIGVALQVSKMESLTGRKTPTVIT
A0A1,seq-1,ETMARKEWYDVVAPANFEKRQFAKTICNKTQGTRIAADVLRGRVFEANLADLNQSAGEEEAYRKVRFTVQEVQGRNLLTQFHSMEVTTDKMASLLRKWCTTMETTVEVKTADGYTMRLFVVAFTKPQANQQSRNCYAKQRLVKWLRMRITKMIKRRLSKVQIKEAVSLLTRNVLSDALVRRCNPILPLRELRIRKVRVVRTPKFDAQALLSAHGTIPASVEADQR
A0A1,seq-2,QYPIINFTTAGATVQSYTNFIRAVRGRLTTGADVRHEIPVLPNRVGLPINQRFILVELSNHAELSVTLALDVTNAYVVGYRAGNSAYFFHPDNQEDAEAITHLFTDVQNRYTFAFGGNYDRLEQLAGNLRENIELGNGPLEEAISALYYYSTGGTQLPTLARSFIICIQMISEAARFQYIEGEMRTRIRYNRRSAPDPSVITLENSWGRLSTAIQESNQGAFASPIQLQRRNGSKFSVYDVSILIPIIALMVYRCAPPP
A0A1,seq-0,YPIINFTTAGATVQSYTNFIRAVRGRLTTGADVRHEIPVLPNRVGLPINQRFILVELSNHAELSVTLALDVTNAYVVGYRAGNSAYFFHPDNQEDAEAITHLFTDVQNRYTFAFGGNYDRLEQLAGNLRENIELGNGPLEEAISALYYYSTGGTQLPTLARSFIICIQMISEAARFQYIEGEMRTRIRYNRRSAPDPSVITLENSWGRLSTAIQESNQGAFASPIQLQRRNGSKFSVYDVSILIPIIALMVYRCA
A0A3,seq-0,YPIINFTTAGATVQSYTNFIRAVRGRLTTGADVRHEIPVLPNRVGLPINQRFILVELSNHAELSVTLALDVTNAYVVGYRAGNSAYFFHPDNQEDAEAITHLFTDVQNRYTFAFGGNYDRLEQLAGNLRENIELGNGPLEEAISALYYYSTGGTQLPTLARSFIICIQMISEAARFQYIEGEMRTRIRYNRRSAPDPSVITLENSWGRLSTAIQESNQGAFASPIQLQRRNGSKFSVYDVSILIPIIALMVYRCA
A0A3,seq-1,ETMARKEWYDVVAPANFEKRQFAKTICNKTQGTRIAADVLRGRVFEANLADLNQSAGEEEAYRKVRFTVQEVQGRNLLTQFHSMEVTTDKMASLLRKWCTTMETTVEVKTADGYTMRLFVVAFTKPQANQQSRNCYAKQRLVKWLRMRITKMIKRRLSKVQIKEAVSLLTRNVLSDALVRRCNPILPLRELRIRKVRVVRTPKFDAQALLSAHGTIPASVEADQR
A0A3,seq-2,QYPIINFTTAGATVQSYTNFIRAVRGRLTTGADVRHEIPVLPNRVGLPINQRFILVELSNHAELSVTLALDVTNAYVVGYRAGNSAYFFHPDNQEDAEAITHLFTDVQNRYTFAFGGNYDRLEQLAGNLRENIELGNGPLEEAISALYYYSTGGTQLPTLARSFIICIQMISEAARFQYIEGEMRTRIRYNRRSAPDPSVITLENSWGRLSTAIQESNQGAFASPIQLQRRNGSKFSVYDVSILIPIIALMVYRCAPPP
A0A3,seq-4,PRKIILDCDPGIDDAVAILLAYGNPEIELLAITTVVGNQTLEKVTRNAQLVADVAGIVGVPIAAGCCKPLVRKVRTAPQIHGETGLGTVSYPSEFKTKLDKRHAVHLIIELIMSHEPKSITLVPTGGLTNIAMAARLEPRIVERVKEVVLMGGSCCIGNASPVAEFNIFVDPEAAHIVFNESWDVTMVGLDLTSQALATPEVLQRVKEVRTKPADFILKILEFYTKVYETQRNTYAKVHDPCAVAYVIDPTVMTTNRVPVNIELNGELTAGMTVTDFRYPRPEQCHTQVASKLDFSKYWDLVIDALQRIGDP
A0A3,seq-5,ATVRDPAPQFSGKAVVDGAIKEINSNDYKGKYIVLFFYPMDFTFVCPTEIIAFSDRYLEFEKLNTQVIAVSCDSEYSHLAWVNTPRKKGGLGEMKIPVLADKSMEIARDYGVLIESAGIALRGLFVIDKKGTLRHSTINDLPVGRNVDEVLRVVEAFQYADEN
A0A3,seq-6,SSERTFIAIKPDGVQRGLVGEIISRFERKGFKLVALKMLQPTTEQAQGHYKDLASKPFFEGLVKYFSSGPIVCMVWEGKNVVKSGRVLLGATNPADSQPGTIRGDYAVDVGRNVCHGSDSVESAQREVAFWFKVEEIASWT
A0A3,seq-7,YFQGYNEADVAALVRSLDRAEDHHIFAVDVLETYPYLAESYTKVCPRRCDLATAAQKALEGAYSYDLRLEGLKADIALMASNCVAYNGPTSAYAETAAKFERYALEQIDAFVLEHN
A0A3,seq-8,MDVSKRPREEFHKEQCLSFVKKLWAADTLAMFHYPVSATEVPGYYDVVDTPMDLSTIRKNIEQGKYRTDTEVENDVVLMLSNALDFNEKGSQWHDLAKQLKKRYLTLAQESGLSFDAD
A0A3,seq-9,GKLPPVVHGTTPFVGHIIQFGKDPLGFMLKAKKKYGGIFTMNICGNRITVVGDVHQHSKFFTPRNEILSPREVYSFMVPVFGEGVAYAAPYPRMREQLNFLAEELTVAKFQNFAPSIQHEVRKFMKANWNKDEGEINILDDCSAMIINTACQCLFGEDLRKRLDARQFAQLLAKMESCLIPAAVFLPWILKLPLPQSYRCRDARAELQDILSEIIIAREKEEAQKDTNTSDLLAGLLGAVYRDGTRMSQHEVCGMIVAAMFAGQHTSTITTTWSLLHLMDPRNKRHLAKLHQEIDEFPAQLNYDNVMEEMPFAEQCARESIRRDPPLVMLMRKVLKPVQVGKYVVPEGDIIACSPLLSHQDEEAFPNPREWNPERNMKLVDGAFCGFGAGVHKCIGEKFGLLQVKTVLATVLRDYDFELLGPLPEPNYHTMVVGPTASQCRVKYIKKK
A0A3,seq-10,RARNVRSHTGEYAPDILVVGSCFLDYVGYVDHMPQVGETMHSVSFHKGFGGKGANQAVAAGRLGAKVAMVSMVGTDGDGSDYIKELERNGVDTAYMFRTGKSSTGLAMILVDTKSSNNEIVICPNATNHFTPELLRAQTNNYERILHTGLKYLICQNEIPLPTTLDTIKEAHSRGVYTVFNSAPAPKPAEVEQIKPFLPYVSLFCPNEVEATLITGVKVTDTESAFSAIKALQQLGVRDVVITLGAAGFVLSENGAEPVHVTGKHVKAVDTTGAGDCFVGSMVYFMSRGRNLLEACKRANECAAISVTRKGTQLSYPHPSELPAGVM
A0A3,seq-11,NIEGVFRKSFPDLAGETLLDSFNCAWVEGSALKQGYLFITPHWLCFQSTLAAAHFSIEYDEIKDIIKSKSVKMFENAIEVKTHLNDTIFLTNFLQRDQAYSALMSQWLK
A0A3,seq-12,HPRPLPAGKHAHRQSLETIPEVAELYHCIYKLYNEEESSVWFREPVNALAQEIFTYYDVVKSPMSLRHILDNIVKGDTYSTALQVMEDVELIWKNCITFNGANSLLATEAGKCRSALDRIRRAYQ
A0A4,seq-0,YPIINFTTAGATVQSYTNFIRAVRGRLTTGADVRHEIPVLPNRVGLPINQRFILVELSNHAELSVTLALDVTNAYVVGYRAGNSAYFFHPDNQEDAEAITHLFTDVQNRYTFAFGGNYDRLEQLAGNLRENIELGNGPLEEAISALYYYSTGGTQLPTLARSFIICIQMISEAARFQYIEGEMRTRIRYNRRSAPDPSVITLENSWGRLSTAIQESNQGAFASPIQLQRRNGSKFSVYDVSILIPIIALMVYRCA
A0A5,seq-1,ETMARKEWYDVVAPANFEKRQFAKTICNKTQGTRIAADVLRGRVFEANLADLNQSAGEEEAYRKVRFTVQEVQGRNLLTQFHSMEVTTDKMASLLRKWCTTMETTVEVKTADGYTMRLFVVAFTKPQANQQSRNCYAKQRLVKWLRMRITKMIKRRLSKVQIKEAVSLLTRNVLSDALVRRCNPILPLRELRIRKVRVVRTPKFDAQALLSAHGTIPASVEADQR
A0A5,seq-7,YFQGYNEADVAALVRSLDRAEDHHIFAVDVLETYPYLAESYTKVCPRRCDLATAAQKALEGAYSYDLRLEGLKADIALMASNCVAYNGPTSAYAETAAKFERYALEQIDAFVLEHN
A0A5,seq-11,NIEGVFRKSFPDLAGETLLDSFNCAWVEGSALKQGYLFITPHWLCFQSTLAAAHFSIEYDEIKDIIKSKSVKMFENAIEVKTHLNDTIFLTNFLQRDQAYSALMSQWLK
A0A5,seq-13,PFKEVSPNSFLLDDSHALSQLLKKSYRWYSPVFSPRNVPRFADVSSITESPETLKAIRDFLVQRYRAMSPAPTHILGFDARGFLFGPMIAVELEIPFVLMRKADKNAGLLIRSEPYEKEYKEAAPEVMTIRYGSIGKGSRVVLIDDVLATGGTALSGLQLVEASDAVVVEMVSILSIPFLKAAEKIHSTANSRYKDIKFISLLSDDALTEENCGDSKNYTGPRVLSCGDVLAEHPH
A0A5,seq-14,SEEPPFDIRALRADIEDMISEKLELGPSLIRLAWHEAASYDCFKKDGSPNSASMRFKPECLYAGNKGLDIPRKALETLKKKYPQISYADLWVLAAYVAIEYMGGPTIPFCWGRVDAKDGSVCGPDGRLPDGSKTQSHVREVFRRLGFNDQETVALIGAHTCGECHIEFSGYHGPWTHDKNGFDNSFFTQLLDEDWVLNPKVEQMQLMDRATTKLMMLPSDVCLLLDPSYRKYVELYAKDNDRFNKDFANAFKKLTELGTRNLHKAPAS
A0A5,seq-3,FQQPNYTANFVQSTFNALHRQGAVPDVLVVGGDGRYYTSEAVQVILKVSAANGVRCVWVGQHGLLSTPAVSTMVRRRRDADGRKATGAFILTASHNPGGPDADFGIKYNSENGGPAPEKLTSQIYEETVKITHIKMAPTLPEVDIHTLGTYTFDDYNFQVEVVDSLADYAAYMQEVFDFEAIRALVQRLDFKVHVDSLHGVSGPYVDRIFHEGLGVPKTSLFRTNVLPDFGGCHPDPNLTYAADLVHVMGLLPDGNANPAMKHISTVPSFGVAFDGDADRNMILGCRFFVNPSDSLAVLAANADCVPFFTQSSSSGLKAVARSMPTSGAVDRVAAAHDFALFEVPTGWKFFGNLMDSKDLYGGKDFNPLLCGEESFGTGSNHIREKDGIWASLFWLSVIAKRNAPGTPLVGVQQIVEEHWATYGRNYYSRYDYEDVSAEAAKAVMDTVENTVVDDVPNLNGVACKTIDNFSYTDPIDGSVSTKQGVRVLFEDGSRFVLRLSGTGSSGATIRLYLEQYMDSATVKSHLAEKTLPTASTALKALIGVALQVSKMESLTGRKTPTVIT
A0A5,seq-0,YPIINFTTAGATVQSYTNFIRAVRGRLTTGADVRHEIPVLPNRVGLPINQRFILVELSNHAELSVTLALDVTNAYVVGYRAGNSAYFFHPDNQEDAEAITHLFTDVQNRYTFAFGGNYDRLEQLAGNLRENIELGNGPLEEAISALYYYSTGGTQLPTLARSFIICIQMISEAARFQYIEGEMRTRIRYNRRSAPDPSVITLENSWGRLSTAIQESNQGAFASPIQLQRRNGSKFSVYDVSILIPIIALMVYRCA
A0A5,seq-8,MDVSKRPREEFHKEQCLSFVKKLWAADTLAMFHYPVSATEVPGYYDVVDTPMDLSTIRKNIEQGKYRTDTEVENDVVLMLSNALDFNEKGSQWHDLAKQLKKRYLTLAQESGLSFDAD
A0A5,seq-15,MPKRVALGCDHAAYATHQEIMDMVNASGAASKVMYMGPSSDTSVDYPDYAAQVCEAILKGEADTGILVCGTGIGMSIAANKFRGIRAALCYDHVTAQLSRQHNNAHILCIGVRTSGMEVIRDIIETFLTTEPLAEGRHGNRVDKITVIEEEQM
A0A5,seq-16,MSRAYDLVVLGAGSGGLEAGWNAAVTHKKKVAVVDVQATHGPPLFAALGGTCVNVGCVPKKLMVTGAQYMDLIRESGGFGWEMDRESLCPNWKTLIAAKNKVVNSINESYKSMFADTEGLSFHMGFGALQDAHTVVVRKSEDPHSDVLETLDTEYILIATGSWPTRLGVPGDEFCITSNEAFYLEDAPKRMLCVGGGYIAVEFAGIFNGYKPCGGYVDLCYRGDLILRGFDTEVRKSLTKQLGANGIRVRTNLNPTKITKNEDGSNHVHFNDGTEEDYDQVMLAIGRVPRSQALQLDKAGVRTGKNGAVQVDAYSKTSVDNIYAIGDVTNRVMLTPVAINEGAAFVETVFGGKPRATDHTKVACAVFSIPPIGTCGMTEEEAAKNYETVAVYASSFTPLMHNISGSKHKEFMIRIITNESNGEVLGVHMLGDSAPEIIQSVGICMKMGAKISDFHSTIGVHPTSAEELCSMRTPAYFYESGKRVEKLS
A0A5,seq-12,HPRPLPAGKHAHRQSLETIPEVAELYHCIYKLYNEEESSVWFREPVNALAQEIFTYYDVVKSPMSLRHILDNIVKGDTYSTALQVMEDVELIWKNCITFNGANSLLATEAGKCRSALDRIRRAYQ
A0A5,seq-9,GKLPPVVHGTTPFVGHIIQFGKDPLGFMLKAKKKYGGIFTMNICGNRITVVGDVHQHSKFFTPRNEILSPREVYSFMVPVFGEGVAYAAPYPRMREQLNFLAEELTVAKFQNFAPSIQHEVRKFMKANWNKDEGEINILDDCSAMIINTACQCLFGEDLRKRLDARQFAQLLAKMESCLIPAAVFLPWILKLPLPQSYRCRDARAELQDILSEIIIAREKEEAQKDTNTSDLLAGLLGAVYRDGTRMSQHEVCGMIVAAMFAGQHTSTITTTWSLLHLMDPRNKRHLAKLHQEIDEFPAQLNYDNVMEEMPFAEQCARESIRRDPPLVMLMRKVLKPVQVGKYVVPEGDIIACSPLLSHQDEEAFPNPREWNPERNMKLVDGAFCGFGAGVHKCIGEKFGLLQVKTVLATVLRDYDFELLGPLPEPNYHTMVVGPTASQCRVKYIKKK
A0A5,seq-2,QYPIINFTTAGATVQSYTNFIRAVRGRLTTGADVRHEIPVLPNRVGLPINQRFILVELSNHAELSVTLALDVTNAYVVGYRAGNSAYFFHPDNQEDAEAITHLFTDVQNRYTFAFGGNYDRLEQLAGNLRENIELGNGPLEEAISALYYYSTGGTQLPTLARSFIICIQMISEAARFQYIEGEMRTRIRYNRRSAPDPSVITLENSWGRLSTAIQESNQGAFASPIQLQRRNGSKFSVYDVSILIPIIALMVYRCAPPP
A0A5,seq-17,TATVREAAPQFSGQAVVNGAIKDINMNDYKGKYIVLFFYPMDFTFVCPTEIIAFSDRHADFEKLNTQVVAVSCDSVYSHLAWVNTPRKKGGLGEMHIPVLADKSMEIARDYGVLIEESGIALRGLFIIDKKGILRHSTINDLPVGRNVDEALRVLEAFQYADENG
A0A5,seq-18,MSRLMPHYSKGKTAFLCVDLQEAFSKRIENFANCVFVANRLARLHEVVPENTKYIVTEHYPKGLGRIVPEITLPKTAHLIEKTRFSCVVPQVEELLEDVDNAVVFGIEGHACILQTVADLLDMNKRVFLPKDGLGSQKKTDFKAAIKLMSSWGPNCEITTSESILLQMTKDAMDPNFKRISKLLKEEPPIPL
A0A6,seq-0,YPIINFTTAGATVQSYTNFIRAVRGRLTTGADVRHEIPVLPNRVGLPINQRFILVELSNHAELSVTLALDVTNAYVVGYRAGNSAYFFHPDNQEDAEAITHLFTDVQNRYTFAFGGNYDRLEQLAGNLRENIELGNGPLEEAISALYYYSTGGTQLPTLARSFIICIQMISEAARFQYIEGEMRTRIRYNRRSAPDPSVITLENSWGRLSTAIQESNQGAFASPIQLQRRNGSKFSVYDVSILIPIIALMVYRCA
A0A6,seq-19,FDKYITVFSPEGSLYQVEYAFKAVTYPGLLTVAIRCKDAVLVVTQHLIPDRLMRPDSVTALYEVTPNIGCCMTGRAPDGRALVQRAREEASDYQYRYGVEIPIAVLAKRMGDKAQVRTQQAGLRPMGVVSTFIGMDQSDQDGSLKPQIYTVDPAGWTGGHIACAAGKKQVEAMAFLEKRQKSTELDALTQKEAAMIALAALQSAIGTAVKAKEVEVGRCTAANPAFQRVPNSEVEEWLTAVAEA
A0A6,seq-20,GVTDSSLLNLPAWKRLQSLYEKYGNDSILSHFEKDHQRFQRYSIEIDLHSDDNFLFLDYSKSHINDEIKDALVALAEERGVRAFAKAMFDGQRVNSTENRAVLHVALRNRSNRPIIVDGKDVMSDVNNVLAQMKDFTERVRSGEWKGQTGKSIYNIVNIGIGGSDLGPVMVTEALKPFSKRDLHCFFVSNVDGTHMAEVLKQVNLEETIFIIASKTFTTQETLTNAMSARNALMSYLKENGISTDGAVAKHFVALSTNTEKVREFGIDTVNMFAFWDWVGGRYSVWSAIGLSVMLSIGYDNFVEFLTGAHVMDNHFASTPTEQNLPMMLALVGIWYNNFFGSETQAVLPYDQYLWRLPAYLQQLDMESNGKGVTKKSGAVAVQTGPIVFGEAGTNGQHAFYQLIHQGTKIIPCDFIGCVQTQNRVGDHHRTLMSNFFAQTEALMVGKNAEEVRQELVKSGMSGDAIENMIPHKTFTGSRPSNSILVNALTPRALGAIIAMYEHKVLVQGAIWGINSYDQWGVELGKVLAKSILPQLKSGNIVSDHDGSTNGLINMFNTRAH
A0A6,seq-21,SAKPQPIAAANWKCNGTTASIEKLVQVFNEHTISHDVQCVVAPTFVHIPLVQAKLRNPKYVISAENAIAKSGAFTGEVSMPILKDIGVHWVILGHSERRTYYGETDEIVAQKVSEACKQGFMVIACIGETLQQREANQTAKVVLSQTSAIAAKLTKDAWNQVVLAYEPVWAIGTGKVATPEQAQEVHLLLRKWVSENIGTDVAAKLRILYGGSVNAANAATLYAKPDINGFLVGGASLKPEFRDIIDATR
A0A6,seq-1,ETMARKEWYDVVAPANFEKRQFAKTICNKTQGTRIAADVLRGRVFEANLADLNQSAGEEEAYRKVRFTVQEVQGRNLLTQFHSMEVTTDKMASLLRKWCTTMETTVEVKTADGYTMRLFVVAFTKPQANQQSRNCYAKQRLVKWLRMRITKMIKRRLSKVQIKEAVSLLTRNVLSDALVRRCNPILPLRELRIRKVRVVRTPKFDAQALLSAHGTIPASVEADQR
A0A6,seq-22,APIKVGINGFGRIGRMVFQAICDQGLIGTEIDVVAVVDMSTNAEYFAYQMKHDTVHGRPKYTVEAVKSSPSVETADVLVVNGHRIKCVKAQRNPADLPWGKLGVDYVIESTGLFTDKLKAEGHIKGGAKKVVISAPASGGAKTIVMGVNQHEYSPASHHVVSNASCTTNCLAPIVHVLTKENFGIETGLMTTIHSYTATQKTVDGVSLKDWRGGRAAAVNIIPSTTGAAKAVGMVIPSTKGKLTGMSFRVPTPDVSVVDLTFRATRDTSIQEIDKAIKKAAQTYMKGILGFTDEELVSADFINDNRSSVYDSKATLQNNLPGEKRFFKVVSWYDNEWAYSHRVVDLVRYMAAKDAASS
A0A6,seq-23,MSRVTVLQSQLPAYNRLKTPYESELIATVKKLTTPGKGLLAADESIGSCTKRFQPIGLSNTEEHRRQYRALMLEAEGFEQYISGVILHDETVGQKASNGQTFPEYLTARGVVPGIKTDMGLCPLLEGAEGEQMTEGLDGYVKRASAYYKKGCRFCKWRNVYKIQNGTVSESAVRFNAETLARYAILSQMSGLVPIVEPEVMIDGKHDIDTCQRVSEHVWREVVAALQRHGVIWEGCLLKPNMVVPGAESGKTAAPEQVAHYTVMTLARTMPAMLPGVMFLSGGLSEVQASEYLNAINNSPLPRPYFLSFSYARALQSSALKAWGGKESGLAAGRRAFLHRARMNSMAQLGKYKRSDD
A0A6,seq-24,LLLKPHKDLPRRTVLIVVMDGLGIGPEDDYDAVHMASTPFMDAHRRDNRHFRCVRAHGTAVGLPTDADMGNSEVGHNALGAGRVALQGASLVDDAIKSGEIYTGEGYRYLHGAFSKEGSTLHLIGLLSDGGVHSRDNQIYSIIEHAVKDGAKRIRVHALYDGRDVPDGSSFRFTDELEAVLAKVRQNGCDAAIASGGGRMFVTMDRYDADWSIVERGWRAQVLGDARHFHSAKEAITTFREEDPKVTDQYYPPFIVVDEQDKPLGTIEDGDAVLCVNFRGDRVIEMTRAFEDEDFNKFDRVRVPKVRYAGMMRYDGDLGIPNNFLVPPPKLTRVSEEYLCGSGLNIFACSETQKFGHVTYFWNGNRSGKIDEKHETFKEVPSDRVQFNEKPRMQSAAITEAAIEALKSGMYNVVRINFPNGDMVGHTGDLKATITGVEAVDESLAKLKDAVDSVNGVYIVTADHGNSDDMAQRDKKGKPMKDGNGNVLPLTSHTLSPVPVFIGGAGLDPRVAMRTDLPAAGLANVTATFINLLGFEAPEDYEPSLIYVE
A2TE,seq-9,GKLPPVVHGTTPFVGHIIQFGKDPLGFMLKAKKKYGGIFTMNICGNRITVVGDVHQHSKFFTPRNEILSPREVYSFMVPVFGEGVAYAAPYPRMREQLNFLAEELTVAKFQNFAPSIQHEVRKFMKANWNKDEGEINILDDCSAMIINTACQCLFGEDLRKRLDARQFAQLLAKMESCLIPAAVFLPWILKLPLPQSYRCRDARAELQDILSEIIIAREKEEAQKDTNTSDLLAGLLGAVYRDGTRMSQHEVCGMIVAAMFAGQHTSTITTTWSLLHLMDPRNKRHLAKLHQEIDEFPAQLNYDNVMEEMPFAEQCARESIRRDPPLVMLMRKVLKPVQVGKYVVPEGDIIACSPLLSHQDEEAFPNPREWNPERNMKLVDGAFCGFGAGVHKCIGEKFGLLQVKTVLATVLRDYDFELLGPLPEPNYHTMVVGPTASQCRVKYIKKK
A4H3,seq-0,YPIINFTTAGATVQSYTNFIRAVRGRLTTGADVRHEIPVLPNRVGLPINQRFILVELSNHAELSVTLALDVTNAYVVGYRAGNSAYFFHPDNQEDAEAITHLFTDVQNRYTFAFGGNYDRLEQLAGNLRENIELGNGPLEEAISALYYYSTGGTQLPTLARSFIICIQMISEAARFQYIEGEMRTRIRYNRRSAPDPSVITLENSWGRLSTAIQESNQGAFASPIQLQRRNGSKFSVYDVSILIPIIALMVYRCA
A4H6,seq-1,ETMARKEWYDVVAPANFEKRQFAKTICNKTQGTRIAADVLRGRVFEANLADLNQSAGEEEAYRKVRFTVQEVQGRNLLTQFHSMEVTTDKMASLLRKWCTTMETTVEVKTADGYTMRLFVVAFTKPQANQQSRNCYAKQRLVKWLRMRITKMIKRRLSKVQIKEAVSLLTRNVLSDALVRRCNPILPLRELRIRKVRVVRTPKFDAQALLSAHGTIPASVEADQR
A4H8,seq-0,YPIINFTTAGATVQSYTNFIRAVRGRLTTGADVRHEIPVLPNRVGLPINQRFILVELSNHAELSVTLALDVTNAYVVGYRAGNSAYFFHPDNQEDAEAITHLFTDVQNRYTFAFGGNYDRLEQLAGNLRENIELGNGPLEEAISALYYYSTGGTQLPTLARSFIICIQMISEAARFQYIEGEMRTRIRYNRRSAPDPSVITLENSWGRLSTAIQESNQGAFASPIQLQRRNGSKFSVYDVSILIPIIALMVYRCA
A4H9,seq-4,PRKIILDCDPGIDDAVAILLAYGNPEIELLAITTVVGNQTLEKVTRNAQLVADVAGIVGVPIAAGCCKPLVRKVRTAPQIHGETGLGTVSYPSEFKTKLDKRHAVHLIIELIMSHEPKSITLVPTGGLTNIAMAARLEPRIVERVKEVVLMGGSCCIGNASPVAEFNIFVDPEAAHIVFNESWDVTMVGLDLTSQALATPEVLQRVKEVRTKPADFILKILEFYTKVYETQRNTYAKVHDPCAVAYVIDPTVMTTNRVPVNIELNGELTAGMTVTDFRYPRPEQCHTQVASKLDFSKYWDLVIDALQRIGDP
A4HB,seq-1,ETMARKEWYDVVAPANFEKRQFAKTICNKTQGTRIAADVLRGRVFEANLADLNQSAGEEEAYRKVRFTVQEVQGRNLLTQFHSMEVTTDKMASLLRKWCTTMETTVEVKTADGYTMRLFVVAFTKPQANQQSRNCYAKQRLVKWLRMRITKMIKRRLSKVQIKEAVSLLTRNVLSDALVRRCNPILPLRELRIRKVRVVRTPKFDAQALLSAHGTIPASVEADQR
A4HC,seq-5,ATVRDPAPQFSGKAVVDGAIKEINSNDYKGKYIVLFFYPMDFTFVCPTEIIAFSDRYLEFEKLNTQVIAVSCDSEYSHLAWVNTPRKKGGLGEMKIPVLADKSMEIARDYGVLIESAGIALRGLFVIDKKGTLRHSTINDLPVGRNVDEVLRVVEAFQYADEN
A4HI,seq-1,ETMARKEWYDVVAPANFEKRQFAKTICNKTQGTRIAADVLRGRVFEANLADLNQSAGEEEAYRKVRFTVQEVQGRNLLTQFHSMEVTTDKMASLLRKWCTTMETTVEVKTADGYTMRLFVVAFTKPQANQQSRNCYAKQRLVKWLRMRITKMIKRRLSKVQIKEAVSLLTRNVLSDALVRRCNPILPLRELRIRKVRVVRTPKFDAQALLSAHGTIPASVEADQR
A4HK,seq-6,SSERTFIAIKPDGVQRGLVGEIISRFERKGFKLVALKMLQPTTEQAQGHYKDLASKPFFEGLVKYFSSGPIVCMVWEGKNVVKSGRVLLGATNPADSQPGTIRGDYAVDVGRNVCHGSDSVESAQREVAFWFKVEEIASWT
A4HR,seq-1,ETMARKEWYDVVAPANFEKRQFAKTICNKTQGTRIAADVLRGRVFEANLADLNQSAGEEEAYRKVRFTVQEVQGRNLLTQFHSMEVTTDKMASLLRKWCTTMETTVEVKTADGYTMRLFVVAFTKPQANQQSRNCYAKQRLVKWLRMRITKMIKRRLSKVQIKEAVSLLTRNVLSDALVRRCNPILPLRELRIRKVRVVRTPKFDAQALLSAHGTIPASVEADQR
A4HR,seq-0,YPIINFTTAGATVQSYTNFIRAVRGRLTTGADVRHEIPVLPNRVGLPINQRFILVELSNHAELSVTLALDVTNAYVVGYRAGNSAYFFHPDNQEDAEAITHLFTDVQNRYTFAFGGNYDRLEQLAGNLRENIELGNGPLEEAISALYYYSTGGTQLPTLARSFIICIQMISEAARFQYIEGEMRTRIRYNRRSAPDPSVITLENSWGRLSTAIQESNQGAFASPIQLQRRNGSKFSVYDVSILIPIIALMVYRCA
A4HS,seq-16,MSRAYDLVVLGAGSGGLEAGWNAAVTHKKKVAVVDVQATHGPPLFAALGGTCVNVGCVPKKLMVTGAQYMDLIRESGGFGWEMDRESLCPNWKTLIAAKNKVVNSINESYKSMFADTEGLSFHMGFGALQDAHTVVVRKSEDPHSDVLETLDTEYILIATGSWPTRLGVPGDEFCITSNEAFYLEDAPKRMLCVGGGYIAVEFAGIFNGYKPCGGYVDLCYRGDLILRGFDTEVRKSLTKQLGANGIRVRTNLNPTKITKNEDGSNHVHFNDGTEEDYDQVMLAIGRVPRSQALQLDKAGVRTGKNGAVQVDAYSKTSVDNIYAIGDVTNRVMLTPVAINEGAAFVETVFGGKPRATDHTKVACAVFSIPPIGTCGMTEEEAAKNYETVAVYASSFTPLMHNISGSKHKEFMIRIITNESNGEVLGVHMLGDSAPEIIQSVGICMKMGAKISDFHSTIGVHPTSAEELCSMRTPAYFYESGKRVEKLS
A4HT,seq-1,ETMARKEWYDVVAPANFEKRQFAKTICNKTQGTRIAADVLRGRVFEANLADLNQSAGEEEAYRKVRFTVQEVQGRNLLTQFHSMEVTTDKMASLLRKWCTTMETTVEVKTADGYTMRLFVVAFTKPQANQQSRNCYAKQRLVKWLRMRITKMIKRRLSKVQIKEAVSLLTRNVLSDALVRRCNPILPLRELRIRKVRVVRTPKFDAQALLSAHGTIPASVEADQR
A4HU,seq-7,YFQGYNEADVAALVRSLDRAEDHHIFAVDVLETYPYLAESYTKVCPRRCDLATAAQKALEGAYSYDLRLEGLKADIALMASNCVAYNGPTSAYAETAAKFERYALEQIDAFVLEHN
A4HV,seq-1,ETMARKEWYDVVAPANFEKRQFAKTICNKTQGTRIAADVLRGRVFEANLADLNQSAGEEEAYRKVRFTVQEVQGRNLLTQFHSMEVTTDKMASLLRKWCTTMETTVEVKTADGYTMRLFVVAFTKPQANQQSRNCYAKQRLVKWLRMRITKMIKRRLSKVQIKEAVSLLTRNVLSDALVRRCNPILPLRELRIRKVRVVRTPKFDAQALLSAHGTIPASVEADQR
A4HV,seq-18,MSRLMPHYSKGKTAFLCVDLQEAFSKRIENFANCVFVANRLARLHEVVPENTKYIVTEHYPKGLGRIVPEITLPKTAHLIEKTRFSCVVPQVEELLEDVDNAVVFGIEGHACILQTVADLLDMNKRVFLPKDGLGSQKKTDFKAAIKLMSSWGPNCEITTSESILLQMTKDAMDPNFKRISKLLKEEPPIPL
A4HW,seq-1,ETMARKEWYDVVAPANFEKRQFAKTICNKTQGTRIAADVLRGRVFEANLADLNQSAGEEEAYRKVRFTVQEVQGRNLLTQFHSMEVTTDKMASLLRKWCTTMETTVEVKTADGYTMRLFVVAFTKPQANQQSRNCYAKQRLVKWLRMRITKMIKRRLSKVQIKEAVSLLTRNVLSDALVRRCNPILPLRELRIRKVRVVRTPKFDAQALLSAHGTIPASVEADQR
A4HW,seq-2,QYPIINFTTAGATVQSYTNFIRAVRGRLTTGADVRHEIPVLPNRVGLPINQRFILVELSNHAELSVTLALDVTNAYVVGYRAGNSAYFFHPDNQEDAEAITHLFTDVQNRYTFAFGGNYDRLEQLAGNLRENIELGNGPLEEAISALYYYSTGGTQLPTLARSFIICIQMISEAARFQYIEGEMRTRIRYNRRSAPDPSVITLENSWGRLSTAIQESNQGAFASPIQLQRRNGSKFSVYDVSILIPIIALMVYRCAPPP
A4HY,seq-1,ETMARKEWYDVVAPANFEKRQFAKTICNKTQGTRIAADVLRGRVFEANLADLNQSAGEEEAYRKVRFTVQEVQGRNLLTQFHSMEVTTDKMASLLRKWCTTMETTVEVKTADGYTMRLFVVAFTKPQANQQSRNCYAKQRLVKWLRMRITKMIKRRLSKVQIKEAVSLLTRNVLSDALVRRCNPILPLRELRIRKVRVVRTPKFDAQALLSAHGTIPASVEADQR
A4HZ,seq-1,ETMARKEWYDVVAPANFEKRQFAKTICNKTQGTRIAADVLRGRVFEANLADLNQSAGEEEAYRKVRFTVQEVQGRNLLTQFHSMEVTTDKMASLLRKWCTTMETTVEVKTADGYTMRLFVVAFTKPQANQQSRNCYAKQRLVKWLRMRITKMIKRRLSKVQIKEAVSLLTRNVLSDALVRRCNPILPLRELRIRKVRVVRTPKFDAQALLSAHGTIPASVEADQR
A4I1,seq-13,PFKEVSPNSFLLDDSHALSQLLKKSYRWYSPVFSPRNVPRFADVSSITESPETLKAIRDFLVQRYRAMSPAPTHILGFDARGFLFGPMIAVELEIPFVLMRKADKNAGLLIRSEPYEKEYKEAAPEVMTIRYGSIGKGSRVVLIDDVLATGGTALSGLQLVEASDAVVVEMVSILSIPFLKAAEKIHSTANSRYKDIKFISLLSDDALTEENCGDSKNYTGPRVLSCGDVLAEHPH
A4I2,seq-1,ETMARKEWYDVVAPANFEKRQFAKTICNKTQGTRIAADVLRGRVFEANLADLNQSAGEEEAYRKVRFTVQEVQGRNLLTQFHSMEVTTDKMASLLRKWCTTMETTVEVKTADGYTMRLFVVAFTKPQANQQSRNCYAKQRLVKWLRMRITKMIKRRLSKVQIKEAVSLLTRNVLSDALVRRCNPILPLRELRIRKVRVVRTPKFDAQALLSAHGTIPASVEADQR
A4I3,seq-1,ETMARKEWYDVVAPANFEKRQFAKTICNKTQGTRIAADVLRGRVFEANLADLNQSAGEEEAYRKVRFTVQEVQGRNLLTQFHSMEVTTDKMASLLRKWCTTMETTVEVKTADGYTMRLFVVAFTKPQANQQSRNCYAKQRLVKWLRMRITKMIKRRLSKVQIKEAVSLLTRNVLSDALVRRCNPILPLRELRIRKVRVVRTPKFDAQALLSAHGTIPASVEADQR
A4I3,seq-15,MPKRVALGCDHAAYATHQEIMDMVNASGAASKVMYMGPSSDTSVDYPDYAAQVCEAILKGEADTGILVCGTGIGMSIAANKFRGIRAALCYDHVTAQLSRQHNNAHILCIGVRTSGMEVIRDIIETFLTTEPLAEGRHGNRVDKITVIEEEQM
A4I5,seq-1,ETMARKEWYDVVAPANFEKRQFAKTICNKTQGTRIAADVLRGRVFEANLADLNQSAGEEEAYRKVRFTVQEVQGRNLLTQFHSMEVTTDKMASLLRKWCTTMETTVEVKTADGYTMRLFVVAFTKPQANQQSRNCYAKQRLVKWLRMRITKMIKRRLSKVQIKEAVSLLTRNVLSDALVRRCNPILPLRELRIRKVRVVRTPKFDAQALLSAHGTIPASVEADQR
A4I5,seq-11,NIEGVFRKSFPDLAGETLLDSFNCAWVEGSALKQGYLFITPHWLCFQSTLAAAHFSIEYDEIKDIIKSKSVKMFENAIEVKTHLNDTIFLTNFLQRDQAYSALMSQWLK
A4I5,seq-0,YPIINFTTAGATVQSYTNFIRAVRGRLTTGADVRHEIPVLPNRVGLPINQRFILVELSNHAELSVTLALDVTNAYVVGYRAGNSAYFFHPDNQEDAEAITHLFTDVQNRYTFAFGGNYDRLEQLAGNLRENIELGNGPLEEAISALYYYSTGGTQLPTLARSFIICIQMISEAARFQYIEGEMRTRIRYNRRSAPDPSVITLENSWGRLSTAIQESNQGAFASPIQLQRRNGSKFSVYDVSILIPIIALMVYRCA
A4I6,seq-0,YPIINFTTAGATVQSYTNFIRAVRGRLTTGADVRHEIPVLPNRVGLPINQRFILVELSNHAELSVTLALDVTNAYVVGYRAGNSAYFFHPDNQEDAEAITHLFTDVQNRYTFAFGGNYDRLEQLAGNLRENIELGNGPLEEAISALYYYSTGGTQLPTLARSFIICIQMISEAARFQYIEGEMRTRIRYNRRSAPDPSVITLENSWGRLSTAIQESNQGAFASPIQLQRRNGSKFSVYDVSILIPIIALMVYRCA
A4I6,seq-1,ETMARKEWYDVVAPANFEKRQFAKTICNKTQGTRIAADVLRGRVFEANLADLNQSAGEEEAYRKVRFTVQEVQGRNLLTQFHSMEVTTDKMASLLRKWCTTMETTVEVKTADGYTMRLFVVAFTKPQANQQSRNCYAKQRLVKWLRMRITKMIKRRLSKVQIKEAVSLLTRNVLSDALVRRCNPILPLRELRIRKVRVVRTPKFDAQALLSAHGTIPASVEADQR
A4IA,seq-1,ETMARKEWYDVVAPANFEKRQFAKTICNKTQGTRIAADVLRGRVFEANLADLNQSAGEEEAYRKVRFTVQEVQGRNLLTQFHSMEVTTDKMASLLRKWCTTMETTVEVKTADGYTMRLFVVAFTKPQANQQSRNCYAKQRLVKWLRMRITKMIKRRLSKVQIKEAVSLLTRNVLSDALVRRCNPILPLRELRIRKVRVVRTPKFDAQALLSAHGTIPASVEADQR
A4IC,seq-1,ETMARKEWYDVVAPANFEKRQFAKTICNKTQGTRIAADVLRGRVFEANLADLNQSAGEEEAYRKVRFTVQEVQGRNLLTQFHSMEVTTDKMASLLRKWCTTMETTVEVKTADGYTMRLFVVAFTKPQANQQSRNCYAKQRLVKWLRMRITKMIKRRLSKVQIKEAVSLLTRNVLSDALVRRCNPILPLRELRIRKVRVVRTPKFDAQALLSAHGTIPASVEADQR
A4ID,seq-12,HPRPLPAGKHAHRQSLETIPEVAELYHCIYKLYNEEESSVWFREPVNALAQEIFTYYDVVKSPMSLRHILDNIVKGDTYSTALQVMEDVELIWKNCITFNGANSLLATEAGKCRSALDRIRRAYQ
A4ID,seq-1,ETMARKEWYDVVAPANFEKRQFAKTICNKTQGTRIAADVLRGRVFEANLADLNQSAGEEEAYRKVRFTVQEVQGRNLLTQFHSMEVTTDKMASLLRKWCTTMETTVEVKTADGYTMRLFVVAFTKPQANQQSRNCYAKQRLVKWLRMRITKMIKRRLSKVQIKEAVSLLTRNVLSDALVRRCNPILPLRELRIRKVRVVRTPKFDAQALLSAHGTIPASVEADQR
A4ID,seq-8,MDVSKRPREEFHKEQCLSFVKKLWAADTLAMFHYPVSATEVPGYYDVVDTPMDLSTIRKNIEQGKYRTDTEVENDVVLMLSNALDFNEKGSQWHDLAKQLKKRYLTLAQESGLSFDAD
C5ML,seq-9,GKLPPVVHGTTPFVGHIIQFGKDPLGFMLKAKKKYGGIFTMNICGNRITVVGDVHQHSKFFTPRNEILSPREVYSFMVPVFGEGVAYAAPYPRMREQLNFLAEELTVAKFQNFAPSIQHEVRKFMKANWNKDEGEINILDDCSAMIINTACQCLFGEDLRKRLDARQFAQLLAKMESCLIPAAVFLPWILKLPLPQSYRCRDARAELQDILSEIIIAREKEEAQKDTNTSDLLAGLLGAVYRDGTRMSQHEVCGMIVAAMFAGQHTSTITTTWSLLHLMDPRNKRHLAKLHQEIDEFPAQLNYDNVMEEMPFAEQCARESIRRDPPLVMLMRKVLKPVQVGKYVVPEGDIIACSPLLSHQDEEAFPNPREWNPERNMKLVDGAFCGFGAGVHKCIGEKFGLLQVKTVLATVLRDYDFELLGPLPEPNYHTMVVGPTASQCRVKYIKKK
D0VW,seq-25,TMSLQVDLLNNTFANPFMNAAGVMCSTTEDLVAMTESASGSLVSKSCTPALREGNPTPRYRALPLGSINSMGLPNNGFDFYLAYAAEQHDYGRKPLFLSMSGLSVRENVEMCKRLAAVATEKGVILELNLSCPNVPGKPQVAYDFDAMRQCLTAVSEVYPHSFGVKMPPYFDFAHFDAAAEILNEFPQVQFITCINSIGNGLVIDAETESVVIKPKQGFGGLGGRYVLPTALANVNAFYRRCPGKLIFGCGGVYTGEDAFLHVLAGASMVQVGTALHEEGPAIFERLTAELLDVMAKKGYQTLDEFRGKVRTLD
D0VW,seq-26,SHYTDNRYKMMECIKDAGRPFYPHKFKISMSLPAYALKYGNVENGYIDKDTTLSLSGRVTSIRSSSSKLIFYDIFCEEQKVQIIANIMEHDISTGEFSVSHSEIRRGDVVGFTGFPGKSKRGELSLFSKSVVLLSPCYHMLPTAISGLKDQEVRYRQRYLDLMLNEESRKVFKLRSRAIKYIRNYFDRLGFLEVETPMLNMIYGGAAARPFITYHNELETQLYMRIAPELYLKQLIVGGLDKVYEIGKNFRNEGIDLTHNPEFTAMEFYMAYADYYDLMDLTEELISGLVLEIHGSLKIPYHPDGPEGKCIEIDFTTPWKRFSFVEEIESGLGEKLKRPLDSQENIDFMVEMCEKHEIELPHPRTAAKLLDKLAGHFVETKCTNPSFIIDHPQTMSPLAKWHREKPEMTERFELFVLGKELCNAYTELNEPLQQRKFFEQQADAKASGDVEACPIDETFCLALEHGLPPTGGWGLGIDRLIMFLADKNNIKEVILFPAMRN
D0VW,seq-18,MSRLMPHYSKGKTAFLCVDLQEAFSKRIENFANCVFVANRLARLHEVVPENTKYIVTEHYPKGLGRIVPEITLPKTAHLIEKTRFSCVVPQVEELLEDVDNAVVFGIEGHACILQTVADLLDMNKRVFLPKDGLGSQKKTDFKAAIKLMSSWGPNCEITTSESILLQMTKDAMDPNFKRISKLLKEEPPIPL
E9AC,seq-27,AKVTMLYVPCTINQVLVKAFVDSGAQNSIMNKRTAERCGLMRLVDVRMRGVAVGVGRQEICGRIHMTPVNLAGMYIPFAFYVIEDQAMDLIIGLDQLKRHQMMIDLKHNCLTIDNINVPFLPENDLPALA
E9AC,seq-0,YPIINFTTAGATVQSYTNFIRAVRGRLTTGADVRHEIPVLPNRVGLPINQRFILVELSNHAELSVTLALDVTNAYVVGYRAGNSAYFFHPDNQEDAEAITHLFTDVQNRYTFAFGGNYDRLEQLAGNLRENIELGNGPLEEAISALYYYSTGGTQLPTLARSFIICIQMISEAARFQYIEGEMRTRIRYNRRSAPDPSVITLENSWGRLSTAIQESNQGAFASPIQLQRRNGSKFSVYDVSILIPIIALMVYRCA
E9AD,seq-28,SGVAKHLGEALKLRKQADTADMDSLSGKTVFFYFSASWCPPCRGFTPQLVEFYEKHHDSKNFEIILASWDEEEDDFNAYYAKMPWLSIPFANRNIVEALTKKYSVESIPTLIGLNADTGDTVTTRARHALTQDPMGEQFPWRDE
E9AG,seq-0,YPIINFTTAGATVQSYTNFIRAVRGRLTTGADVRHEIPVLPNRVGLPINQRFILVELSNHAELSVTLALDVTNAYVVGYRAGNSAYFFHPDNQEDAEAITHLFTDVQNRYTFAFGGNYDRLEQLAGNLRENIELGNGPLEEAISALYYYSTGGTQLPTLARSFIICIQMISEAARFQYIEGEMRTRIRYNRRSAPDPSVITLENSWGRLSTAIQESNQGAFASPIQLQRRNGSKFSVYDVSILIPIIALMVYRCA
E9AG,seq-1,ETMARKEWYDVVAPANFEKRQFAKTICNKTQGTRIAADVLRGRVFEANLADLNQSAGEEEAYRKVRFTVQEVQGRNLLTQFHSMEVTTDKMASLLRKWCTTMETTVEVKTADGYTMRLFVVAFTKPQANQQSRNCYAKQRLVKWLRMRITKMIKRRLSKVQIKEAVSLLTRNVLSDALVRRCNPILPLRELRIRKVRVVRTPKFDAQALLSAHGTIPASVEADQR
E9AI,seq-2,QYPIINFTTAGATVQSYTNFIRAVRGRLTTGADVRHEIPVLPNRVGLPINQRFILVELSNHAELSVTLALDVTNAYVVGYRAGNSAYFFHPDNQEDAEAITHLFTDVQNRYTFAFGGNYDRLEQLAGNLRENIELGNGPLEEAISALYYYSTGGTQLPTLARSFIICIQMISEAARFQYIEGEMRTRIRYNRRSAPDPSVITLENSWGRLSTAIQESNQGAFASPIQLQRRNGSKFSVYDVSILIPIIALMVYRCAPPP
E9AI,seq-1,ETMARKEWYDVVAPANFEKRQFAKTICNKTQGTRIAADVLRGRVFEANLADLNQSAGEEEAYRKVRFTVQEVQGRNLLTQFHSMEVTTDKMASLLRKWCTTMETTVEVKTADGYTMRLFVVAFTKPQANQQSRNCYAKQRLVKWLRMRITKMIKRRLSKVQIKEAVSLLTRNVLSDALVRRCNPILPLRELRIRKVRVVRTPKFDAQALLSAHGTIPASVEADQR
E9AJ,seq-0,YPIINFTTAGATVQSYTNFIRAVRGRLTTGADVRHEIPVLPNRVGLPINQRFILVELSNHAELSVTLALDVTNAYVVGYRAGNSAYFFHPDNQEDAEAITHLFTDVQNRYTFAFGGNYDRLEQLAGNLRENIELGNGPLEEAISALYYYSTGGTQLPTLARSFIICIQMISEAARFQYIEGEMRTRIRYNRRSAPDPSVITLENSWGRLSTAIQESNQGAFASPIQLQRRNGSKFSVYDVSILIPIIALMVYRCA
E9AL,seq-1,ETMARKEWYDVVAPANFEKRQFAKTICNKTQGTRIAADVLRGRVFEANLADLNQSAGEEEAYRKVRFTVQEVQGRNLLTQFHSMEVTTDKMASLLRKWCTTMETTVEVKTADGYTMRLFVVAFTKPQANQQSRNCYAKQRLVKWLRMRITKMIKRRLSKVQIKEAVSLLTRNVLSDALVRRCNPILPLRELRIRKVRVVRTPKFDAQALLSAHGTIPASVEADQR
E9AN,seq-1,ETMARKEWYDVVAPANFEKRQFAKTICNKTQGTRIAADVLRGRVFEANLADLNQSAGEEEAYRKVRFTVQEVQGRNLLTQFHSMEVTTDKMASLLRKWCTTMETTVEVKTADGYTMRLFVVAFTKPQANQQSRNCYAKQRLVKWLRMRITKMIKRRLSKVQIKEAVSLLTRNVLSDALVRRCNPILPLRELRIRKVRVVRTPKFDAQALLSAHGTIPASVEADQR
E9AP,seq-1,ETMARKEWYDVVAPANFEKRQFAKTICNKTQGTRIAADVLRGRVFEANLADLNQSAGEEEAYRKVRFTVQEVQGRNLLTQFHSMEVTTDKMASLLRKWCTTMETTVEVKTADGYTMRLFVVAFTKPQANQQSRNCYAKQRLVKWLRMRITKMIKRRLSKVQIKEAVSLLTRNVLSDALVRRCNPILPLRELRIRKVRVVRTPKFDAQALLSAHGTIPASVEADQR
E9AQ,seq-2,QYPIINFTTAGATVQSYTNFIRAVRGRLTTGADVRHEIPVLPNRVGLPINQRFILVELSNHAELSVTLALDVTNAYVVGYRAGNSAYFFHPDNQEDAEAITHLFTDVQNRYTFAFGGNYDRLEQLAGNLRENIELGNGPLEEAISALYYYSTGGTQLPTLARSFIICIQMISEAARFQYIEGEMRTRIRYNRRSAPDPSVITLENSWGRLSTAIQESNQGAFASPIQLQRRNGSKFSVYDVSILIPIIALMVYRCAPPP
E9AQ,seq-1,ETMARKEWYDVVAPANFEKRQFAKTICNKTQGTRIAADVLRGRVFEANLADLNQSAGEEEAYRKVRFTVQEVQGRNLLTQFHSMEVTTDKMASLLRKWCTTMETTVEVKTADGYTMRLFVVAFTKPQANQQSRNCYAKQRLVKWLRMRITKMIKRRLSKVQIKEAVSLLTRNVLSDALVRRCNPILPLRELRIRKVRVVRTPKFDAQALLSAHGTIPASVEADQR
E9AQ,seq-0,YPIINFTTAGATVQSYTNFIRAVRGRLTTGADVRHEIPVLPNRVGLPINQRFILVELSNHAELSVTLALDVTNAYVVGYRAGNSAYFFHPDNQEDAEAITHLFTDVQNRYTFAFGGNYDRLEQLAGNLRENIELGNGPLEEAISALYYYSTGGTQLPTLARSFIICIQMISEAARFQYIEGEMRTRIRYNRRSAPDPSVITLENSWGRLSTAIQESNQGAFASPIQLQRRNGSKFSVYDVSILIPIIALMVYRCA
E9AS,seq-29,KAILLFDVDGTLTPPRNPETHDMKEALLKARAAGFKLGVVGGSDFAKQKEQLGESILEDFDYVFSENGLLAYKDGKEFHRNSLLRALGNEKVVAFVKKCLHLIADLDIPVQRGTFVEFRNGMFNVSPIGRNCSQQERDEFENLDKERHIREKLIRELKEAFPDYQLAYSVGGQISFDVFPKGWDKTYCLQFVENDFETIHFFGDKTSEGGNDYEIFTDSRTIGHSVKTYKDTIAILEALLED
E9AT,seq-1,ETMARKEWYDVVAPANFEKRQFAKTICNKTQGTRIAADVLRGRVFEANLADLNQSAGEEEAYRKVRFTVQEVQGRNLLTQFHSMEVTTDKMASLLRKWCTTMETTVEVKTADGYTMRLFVVAFTKPQANQQSRNCYAKQRLVKWLRMRITKMIKRRLSKVQIKEAVSLLTRNVLSDALVRRCNPILPLRELRIRKVRVVRTPKFDAQALLSAHGTIPASVEADQR
E9AW,seq-30,HMPAPKTIYIAGPAVFHPDNGEAYYNNVRALMKGKDVVPLIPTDNIATGAVNIRNKNIDMIRACDAIIADLSPFRSKEPDCGTAFELGYAAALGKVLLTFSTDTRPMVEKYGSEMADGLSVENFGLPFNLMLHDGTDVFDSFEAAFAYFVEHHLT
E9AX,seq-31,GSHMIAPLSVKDNDKWVDTHVGKTTEIHLKGNPTTGYMWTRVGFVGKDVLSDEILEVVCKYTPTPSSTPMVGVGGIYVVLVKPRKRGHHTLELVYTRPFEGIKPENERYTLHLNVK
E9AY,seq-1,ETMARKEWYDVVAPANFEKRQFAKTICNKTQGTRIAADVLRGRVFEANLADLNQSAGEEEAYRKVRFTVQEVQGRNLLTQFHSMEVTTDKMASLLRKWCTTMETTVEVKTADGYTMRLFVVAFTKPQANQQSRNCYAKQRLVKWLRMRITKMIKRRLSKVQIKEAVSLLTRNVLSDALVRRCNPILPLRELRIRKVRVVRTPKFDAQALLSAHGTIPASVEADQR
E9B0,seq-1,ETMARKEWYDVVAPANFEKRQFAKTICNKTQGTRIAADVLRGRVFEANLADLNQSAGEEEAYRKVRFTVQEVQGRNLLTQFHSMEVTTDKMASLLRKWCTTMETTVEVKTADGYTMRLFVVAFTKPQANQQSRNCYAKQRLVKWLRMRITKMIKRRLSKVQIKEAVSLLTRNVLSDALVRRCNPILPLRELRIRKVRVVRTPKFDAQALLSAHGTIPASVEADQR
E9B1,seq-0,YPIINFTTAGATVQSYTNFIRAVRGRLTTGADVRHEIPVLPNRVGLPINQRFILVELSNHAELSVTLALDVTNAYVVGYRAGNSAYFFHPDNQEDAEAITHLFTDVQNRYTFAFGGNYDRLEQLAGNLRENIELGNGPLEEAISALYYYSTGGTQLPTLARSFIICIQMISEAARFQYIEGEMRTRIRYNRRSAPDPSVITLENSWGRLSTAIQESNQGAFASPIQLQRRNGSKFSVYDVSILIPIIALMVYRCA
E9B1,seq-2,QYPIINFTTAGATVQSYTNFIRAVRGRLTTGADVRHEIPVLPNRVGLPINQRFILVELSNHAELSVTLALDVTNAYVVGYRAGNSAYFFHPDNQEDAEAITHLFTDVQNRYTFAFGGNYDRLEQLAGNLRENIELGNGPLEEAISALYYYSTGGTQLPTLARSFIICIQMISEAARFQYIEGEMRTRIRYNRRSAPDPSVITLENSWGRLSTAIQESNQGAFASPIQLQRRNGSKFSVYDVSILIPIIALMVYRCAPPP
E9B6,seq-32,KKMSIVLAPFSGGQPHSGVELGPDYLLKQGLQQDMEKLGWDTRLERVFDGKVVEARKASDNGDRIGRVKRPRLTAECTEKIYKCVRRVAEQGRFPLTIGGDHSIALGTVAGVLSVHPDAGVIWVDAHADINTMSGTVSGNLHGCPLSILLGLDRENIPECFSWVPQVLKPNKIAYIGLRAVDDEEKKILHDLNIAAFSMHHVDRYGIDKVVSMAIEAVSPKGTEPVMVSYDVDTIDPLYVPATGTPVRGGLSFREALFLCERIAECGRLVALDVVECNPLLAATESHVNDTISVGCAIARCMMGETLLYTP
E9B7,seq-1,ETMARKEWYDVVAPANFEKRQFAKTICNKTQGTRIAADVLRGRVFEANLADLNQSAGEEEAYRKVRFTVQEVQGRNLLTQFHSMEVTTDKMASLLRKWCTTMETTVEVKTADGYTMRLFVVAFTKPQANQQSRNCYAKQRLVKWLRMRITKMIKRRLSKVQIKEAVSLLTRNVLSDALVRRCNPILPLRELRIRKVRVVRTPKFDAQALLSAHGTIPASVEADQR
E9B7,seq-0,YPIINFTTAGATVQSYTNFIRAVRGRLTTGADVRHEIPVLPNRVGLPINQRFILVELSNHAELSVTLALDVTNAYVVGYRAGNSAYFFHPDNQEDAEAITHLFTDVQNRYTFAFGGNYDRLEQLAGNLRENIELGNGPLEEAISALYYYSTGGTQLPTLARSFIICIQMISEAARFQYIEGEMRTRIRYNRRSAPDPSVITLENSWGRLSTAIQESNQGAFASPIQLQRRNGSKFSVYDVSILIPIIALMVYRCA
E9BA,seq-7,YFQGYNEADVAALVRSLDRAEDHHIFAVDVLETYPYLAESYTKVCPRRCDLATAAQKALEGAYSYDLRLEGLKADIALMASNCVAYNGPTSAYAETAAKFERYALEQIDAFVLEHN
E9BA,seq-1,ETMARKEWYDVVAPANFEKRQFAKTICNKTQGTRIAADVLRGRVFEANLADLNQSAGEEEAYRKVRFTVQEVQGRNLLTQFHSMEVTTDKMASLLRKWCTTMETTVEVKTADGYTMRLFVVAFTKPQANQQSRNCYAKQRLVKWLRMRITKMIKRRLSKVQIKEAVSLLTRNVLSDALVRRCNPILPLRELRIRKVRVVRTPKFDAQALLSAHGTIPASVEADQR
E9BA,seq-9,GKLPPVVHGTTPFVGHIIQFGKDPLGFMLKAKKKYGGIFTMNICGNRITVVGDVHQHSKFFTPRNEILSPREVYSFMVPVFGEGVAYAAPYPRMREQLNFLAEELTVAKFQNFAPSIQHEVRKFMKANWNKDEGEINILDDCSAMIINTACQCLFGEDLRKRLDARQFAQLLAKMESCLIPAAVFLPWILKLPLPQSYRCRDARAELQDILSEIIIAREKEEAQKDTNTSDLLAGLLGAVYRDGTRMSQHEVCGMIVAAMFAGQHTSTITTTWSLLHLMDPRNKRHLAKLHQEIDEFPAQLNYDNVMEEMPFAEQCARESIRRDPPLVMLMRKVLKPVQVGKYVVPEGDIIACSPLLSHQDEEAFPNPREWNPERNMKLVDGAFCGFGAGVHKCIGEKFGLLQVKTVLATVLRDYDFELLGPLPEPNYHTMVVGPTASQCRVKYIKKK
E9BA,seq-18,MSRLMPHYSKGKTAFLCVDLQEAFSKRIENFANCVFVANRLARLHEVVPENTKYIVTEHYPKGLGRIVPEITLPKTAHLIEKTRFSCVVPQVEELLEDVDNAVVFGIEGHACILQTVADLLDMNKRVFLPKDGLGSQKKTDFKAAIKLMSSWGPNCEITTSESILLQMTKDAMDPNFKRISKLLKEEPPIPL
E9BB,seq-1,ETMARKEWYDVVAPANFEKRQFAKTICNKTQGTRIAADVLRGRVFEANLADLNQSAGEEEAYRKVRFTVQEVQGRNLLTQFHSMEVTTDKMASLLRKWCTTMETTVEVKTADGYTMRLFVVAFTKPQANQQSRNCYAKQRLVKWLRMRITKMIKRRLSKVQIKEAVSLLTRNVLSDALVRRCNPILPLRELRIRKVRVVRTPKFDAQALLSAHGTIPASVEADQR
E9BC,seq-1,ETMARKEWYDVVAPANFEKRQFAKTICNKTQGTRIAADVLRGRVFEANLADLNQSAGEEEAYRKVRFTVQEVQGRNLLTQFHSMEVTTDKMASLLRKWCTTMETTVEVKTADGYTMRLFVVAFTKPQANQQSRNCYAKQRLVKWLRMRITKMIKRRLSKVQIKEAVSLLTRNVLSDALVRRCNPILPLRELRIRKVRVVRTPKFDAQALLSAHGTIPASVEADQR
E9BC,seq-2,QYPIINFTTAGATVQSYTNFIRAVRGRLTTGADVRHEIPVLPNRVGLPINQRFILVELSNHAELSVTLALDVTNAYVVGYRAGNSAYFFHPDNQEDAEAITHLFTDVQNRYTFAFGGNYDRLEQLAGNLRENIELGNGPLEEAISALYYYSTGGTQLPTLARSFIICIQMISEAARFQYIEGEMRTRIRYNRRSAPDPSVITLENSWGRLSTAIQESNQGAFASPIQLQRRNGSKFSVYDVSILIPIIALMVYRCAPPP
E9BC,seq-0,YPIINFTTAGATVQSYTNFIRAVRGRLTTGADVRHEIPVLPNRVGLPINQRFILVELSNHAELSVTLALDVTNAYVVGYRAGNSAYFFHPDNQEDAEAITHLFTDVQNRYTFAFGGNYDRLEQLAGNLRENIELGNGPLEEAISALYYYSTGGTQLPTLARSFIICIQMISEAARFQYIEGEMRTRIRYNRRSAPDPSVITLENSWGRLSTAIQESNQGAFASPIQLQRRNGSKFSVYDVSILIPIIALMVYRCA
E9BF,seq-1,ETMARKEWYDVVAPANFEKRQFAKTICNKTQGTRIAADVLRGRVFEANLADLNQSAGEEEAYRKVRFTVQEVQGRNLLTQFHSMEVTTDKMASLLRKWCTTMETTVEVKTADGYTMRLFVVAFTKPQANQQSRNCYAKQRLVKWLRMRITKMIKRRLSKVQIKEAVSLLTRNVLSDALVRRCNPILPLRELRIRKVRVVRTPKFDAQALLSAHGTIPASVEADQR
E9BH,seq-1,ETMARKEWYDVVAPANFEKRQFAKTICNKTQGTRIAADVLRGRVFEANLADLNQSAGEEEAYRKVRFTVQEVQGRNLLTQFHSMEVTTDKMASLLRKWCTTMETTVEVKTADGYTMRLFVVAFTKPQANQQSRNCYAKQRLVKWLRMRITKMIKRRLSKVQIKEAVSLLTRNVLSDALVRRCNPILPLRELRIRKVRVVRTPKFDAQALLSAHGTIPASVEADQR
E9BI,seq-1,ETMARKEWYDVVAPANFEKRQFAKTICNKTQGTRIAADVLRGRVFEANLADLNQSAGEEEAYRKVRFTVQEVQGRNLLTQFHSMEVTTDKMASLLRKWCTTMETTVEVKTADGYTMRLFVVAFTKPQANQQSRNCYAKQRLVKWLRMRITKMIKRRLSKVQIKEAVSLLTRNVLSDALVRRCNPILPLRELRIRKVRVVRTPKFDAQALLSAHGTIPASVEADQR
E9BI,seq-10,RARNVRSHTGEYAPDILVVGSCFLDYVGYVDHMPQVGETMHSVSFHKGFGGKGANQAVAAGRLGAKVAMVSMVGTDGDGSDYIKELERNGVDTAYMFRTGKSSTGLAMILVDTKSSNNEIVICPNATNHFTPELLRAQTNNYERILHTGLKYLICQNEIPLPTTLDTIKEAHSRGVYTVFNSAPAPKPAEVEQIKPFLPYVSLFCPNEVEATLITGVKVTDTESAFSAIKALQQLGVRDVVITLGAAGFVLSENGAEPVHVTGKHVKAVDTTGAGDCFVGSMVYFMSRGRNLLEACKRANECAAISVTRKGTQLSYPHPSELPAGVM
E9BJ,seq-1,ETMARKEWYDVVAPANFEKRQFAKTICNKTQGTRIAADVLRGRVFEANLADLNQSAGEEEAYRKVRFTVQEVQGRNLLTQFHSMEVTTDKMASLLRKWCTTMETTVEVKTADGYTMRLFVVAFTKPQANQQSRNCYAKQRLVKWLRMRITKMIKRRLSKVQIKEAVSLLTRNVLSDALVRRCNPILPLRELRIRKVRVVRTPKFDAQALLSAHGTIPASVEADQR
E9BK,seq-1,ETMARKEWYDVVAPANFEKRQFAKTICNKTQGTRIAADVLRGRVFEANLADLNQSAGEEEAYRKVRFTVQEVQGRNLLTQFHSMEVTTDKMASLLRKWCTTMETTVEVKTADGYTMRLFVVAFTKPQANQQSRNCYAKQRLVKWLRMRITKMIKRRLSKVQIKEAVSLLTRNVLSDALVRRCNPILPLRELRIRKVRVVRTPKFDAQALLSAHGTIPASVEADQR
E9BL,seq-1,ETMARKEWYDVVAPANFEKRQFAKTICNKTQGTRIAADVLRGRVFEANLADLNQSAGEEEAYRKVRFTVQEVQGRNLLTQFHSMEVTTDKMASLLRKWCTTMETTVEVKTADGYTMRLFVVAFTKPQANQQSRNCYAKQRLVKWLRMRITKMIKRRLSKVQIKEAVSLLTRNVLSDALVRRCNPILPLRELRIRKVRVVRTPKFDAQALLSAHGTIPASVEADQR
E9BM,seq-11,NIEGVFRKSFPDLAGETLLDSFNCAWVEGSALKQGYLFITPHWLCFQSTLAAAHFSIEYDEIKDIIKSKSVKMFENAIEVKTHLNDTIFLTNFLQRDQAYSALMSQWLK
E9BM,seq-1,ETMARKEWYDVVAPANFEKRQFAKTICNKTQGTRIAADVLRGRVFEANLADLNQSAGEEEAYRKVRFTVQEVQGRNLLTQFHSMEVTTDKMASLLRKWCTTMETTVEVKTADGYTMRLFVVAFTKPQANQQSRNCYAKQRLVKWLRMRITKMIKRRLSKVQIKEAVSLLTRNVLSDALVRRCNPILPLRELRIRKVRVVRTPKFDAQALLSAHGTIPASVEADQR
E9BM,seq-0,YPIINFTTAGATVQSYTNFIRAVRGRLTTGADVRHEIPVLPNRVGLPINQRFILVELSNHAELSVTLALDVTNAYVVGYRAGNSAYFFHPDNQEDAEAITHLFTDVQNRYTFAFGGNYDRLEQLAGNLRENIELGNGPLEEAISALYYYSTGGTQLPTLARSFIICIQMISEAARFQYIEGEMRTRIRYNRRSAPDPSVITLENSWGRLSTAIQESNQGAFASPIQLQRRNGSKFSVYDVSILIPIIALMVYRCA
E9BP,seq-1,ETMARKEWYDVVAPANFEKRQFAKTICNKTQGTRIAADVLRGRVFEANLADLNQSAGEEEAYRKVRFTVQEVQGRNLLTQFHSMEVTTDKMASLLRKWCTTMETTVEVKTADGYTMRLFVVAFTKPQANQQSRNCYAKQRLVKWLRMRITKMIKRRLSKVQIKEAVSLLTRNVLSDALVRRCNPILPLRELRIRKVRVVRTPKFDAQALLSAHGTIPASVEADQR
E9BQ,seq-1,ETMARKEWYDVVAPANFEKRQFAKTICNKTQGTRIAADVLRGRVFEANLADLNQSAGEEEAYRKVRFTVQEVQGRNLLTQFHSMEVTTDKMASLLRKWCTTMETTVEVKTADGYTMRLFVVAFTKPQANQQSRNCYAKQRLVKWLRMRITKMIKRRLSKVQIKEAVSLLTRNVLSDALVRRCNPILPLRELRIRKVRVVRTPKFDAQALLSAHGTIPASVEADQR
E9BR,seq-1,ETMARKEWYDVVAPANFEKRQFAKTICNKTQGTRIAADVLRGRVFEANLADLNQSAGEEEAYRKVRFTVQEVQGRNLLTQFHSMEVTTDKMASLLRKWCTTMETTVEVKTADGYTMRLFVVAFTKPQANQQSRNCYAKQRLVKWLRMRITKMIKRRLSKVQIKEAVSLLTRNVLSDALVRRCNPILPLRELRIRKVRVVRTPKFDAQALLSAHGTIPASVEADQR
E9BT,seq-1,ETMARKEWYDVVAPANFEKRQFAKTICNKTQGTRIAADVLRGRVFEANLADLNQSAGEEEAYRKVRFTVQEVQGRNLLTQFHSMEVTTDKMASLLRKWCTTMETTVEVKTADGYTMRLFVVAFTKPQANQQSRNCYAKQRLVKWLRMRITKMIKRRLSKVQIKEAVSLLTRNVLSDALVRRCNPILPLRELRIRKVRVVRTPKFDAQALLSAHGTIPASVEADQR
E9BU,seq-1,ETMARKEWYDVVAPANFEKRQFAKTICNKTQGTRIAADVLRGRVFEANLADLNQSAGEEEAYRKVRFTVQEVQGRNLLTQFHSMEVTTDKMASLLRKWCTTMETTVEVKTADGYTMRLFVVAFTKPQANQQSRNCYAKQRLVKWLRMRITKMIKRRLSKVQIKEAVSLLTRNVLSDALVRRCNPILPLRELRIRKVRVVRTPKFDAQALLSAHGTIPASVEADQR
E9BU,seq-8,MDVSKRPREEFHKEQCLSFVKKLWAADTLAMFHYPVSATEVPGYYDVVDTPMDLSTIRKNIEQGKYRTDTEVENDVVLMLSNALDFNEKGSQWHDLAKQLKKRYLTLAQESGLSFDAD
E9BU,seq-12,HPRPLPAGKHAHRQSLETIPEVAELYHCIYKLYNEEESSVWFREPVNALAQEIFTYYDVVKSPMSLRHILDNIVKGDTYSTALQVMEDVELIWKNCITFNGANSLLATEAGKCRSALDRIRRAYQ
G0WK,seq-0,YPIINFTTAGATVQSYTNFIRAVRGRLTTGADVRHEIPVLPNRVGLPINQRFILVELSNHAELSVTLALDVTNAYVVGYRAGNSAYFFHPDNQEDAEAITHLFTDVQNRYTFAFGGNYDRLEQLAGNLRENIELGNGPLEEAISALYYYSTGGTQLPTLARSFIICIQMISEAARFQYIEGEMRTRIRYNRRSAPDPSVITLENSWGRLSTAIQESNQGAFASPIQLQRRNGSKFSVYDVSILIPIIALMVYRCA
H9D0,seq-25,TMSLQVDLLNNTFANPFMNAAGVMCSTTEDLVAMTESASGSLVSKSCTPALREGNPTPRYRALPLGSINSMGLPNNGFDFYLAYAAEQHDYGRKPLFLSMSGLSVRENVEMCKRLAAVATEKGVILELNLSCPNVPGKPQVAYDFDAMRQCLTAVSEVYPHSFGVKMPPYFDFAHFDAAAEILNEFPQVQFITCINSIGNGLVIDAETESVVIKPKQGFGGLGGRYVLPTALANVNAFYRRCPGKLIFGCGGVYTGEDAFLHVLAGASMVQVGTALHEEGPAIFERLTAELLDVMAKKGYQTLDEFRGKVRTLD
O158,seq-33,NIPGAILHSLAELQDGLNAMIDPSWRAVRSLDNWALAITMESTELLDSYPWKWWKNLNATPDLANVRIELVDIFHFSLSGAMQMRSTPDDEIPAASLKPLKEVMTTFLPAKECTSDPYGFVFFPLTDTQNAIASFRNIIQLANAYRFDVIIECIIYAAEDLGFNLVAYYIAKHTLNCIRQLSGYKDGSYVKVNNGVEDNSLLHNCIKDVSLDEVLDADKYVQAWNSIMANVYEAFQIKESDRKDAERWFALAKENRL
O439,seq-0,YPIINFTTAGATVQSYTNFIRAVRGRLTTGADVRHEIPVLPNRVGLPINQRFILVELSNHAELSVTLALDVTNAYVVGYRAGNSAYFFHPDNQEDAEAITHLFTDVQNRYTFAFGGNYDRLEQLAGNLRENIELGNGPLEEAISALYYYSTGGTQLPTLARSFIICIQMISEAARFQYIEGEMRTRIRYNRRSAPDPSVITLENSWGRLSTAIQESNQGAFASPIQLQRRNGSKFSVYDVSILIPIIALMVYRCA
O440,seq-2,QYPIINFTTAGATVQSYTNFIRAVRGRLTTGADVRHEIPVLPNRVGLPINQRFILVELSNHAELSVTLALDVTNAYVVGYRAGNSAYFFHPDNQEDAEAITHLFTDVQNRYTFAFGGNYDRLEQLAGNLRENIELGNGPLEEAISALYYYSTGGTQLPTLARSFIICIQMISEAARFQYIEGEMRTRIRYNRRSAPDPSVITLENSWGRLSTAIQESNQGAFASPIQLQRRNGSKFSVYDVSILIPIIALMVYRCAPPP
O463,seq-0,YPIINFTTAGATVQSYTNFIRAVRGRLTTGADVRHEIPVLPNRVGLPINQRFILVELSNHAELSVTLALDVTNAYVVGYRAGNSAYFFHPDNQEDAEAITHLFTDVQNRYTFAFGGNYDRLEQLAGNLRENIELGNGPLEEAISALYYYSTGGTQLPTLARSFIICIQMISEAARFQYIEGEMRTRIRYNRRSAPDPSVITLENSWGRLSTAIQESNQGAFASPIQLQRRNGSKFSVYDVSILIPIIALMVYRCA
O771,seq-34,SLKEIGPNSLLLEDSHSLSQLLKKNYRWYSPIFSPRNVPRFADVSSITESPETLKAIRDFLVERYRTMSPAPTHILGFDARGFLFGPMIAVELGIPFVLMRKADKNAGLLIRSEPYEKEYKEAAPEVMTIRHGSIGKNSRVVLIDDVLATGGTALSGLQLVEASGAEVVEMVSILTIPFLKAAERIHSTAGGRYKNVRFIGLLSEDVLTEANCGDL
P428,seq-20,GVTDSSLLNLPAWKRLQSLYEKYGNDSILSHFEKDHQRFQRYSIEIDLHSDDNFLFLDYSKSHINDEIKDALVALAEERGVRAFAKAMFDGQRVNSTENRAVLHVALRNRSNRPIIVDGKDVMSDVNNVLAQMKDFTERVRSGEWKGQTGKSIYNIVNIGIGGSDLGPVMVTEALKPFSKRDLHCFFVSNVDGTHMAEVLKQVNLEETIFIIASKTFTTQETLTNAMSARNALMSYLKENGISTDGAVAKHFVALSTNTEKVREFGIDTVNMFAFWDWVGGRYSVWSAIGLSVMLSIGYDNFVEFLTGAHVMDNHFASTPTEQNLPMMLALVGIWYNNFFGSETQAVLPYDQYLWRLPAYLQQLDMESNGKGVTKKSGAVAVQTGPIVFGEAGTNGQHAFYQLIHQGTKIIPCDFIGCVQTQNRVGDHHRTLMSNFFAQTEALMVGKNAEEVRQELVKSGMSGDAIENMIPHKTFTGSRPSNSILVNALTPRALGAIIAMYEHKVLVQGAIWGINSYDQWGVELGKVLAKSILPQLKSGNIVSDHDGSTNGLINMFNTRAH
P484,seq-21,SAKPQPIAAANWKCNGTTASIEKLVQVFNEHTISHDVQCVVAPTFVHIPLVQAKLRNPKYVISAENAIAKSGAFTGEVSMPILKDIGVHWVILGHSERRTYYGETDEIVAQKVSEACKQGFMVIACIGETLQQREANQTAKVVLSQTSAIAAKLTKDAWNQVVLAYEPVWAIGTGKVATPEQAQEVHLLLRKWVSENIGTDVAAKLRILYGGSVNAANAATLYAKPDINGFLVGGASLKPEFRDIIDATR
P840,seq-35,HMTIRVMLQAMDQGHLLVNNVDKYVRAGRGVMVYIAFLSDRDSAPITDEALRHAVGVLLHTKIFTHFSPEKMINQPQSLEECPEMDILIVPQASLGGKVKGRSVQFHQLVAKDVGAALYDRFCHFVRVARGVDESRVDANGAPRSEGDAPKAEGWIKYNSRVISGTFGNRQGLRFESEGPFTHMFDI
Q063,seq-0,YPIINFTTAGATVQSYTNFIRAVRGRLTTGADVRHEIPVLPNRVGLPINQRFILVELSNHAELSVTLALDVTNAYVVGYRAGNSAYFFHPDNQEDAEAITHLFTDVQNRYTFAFGGNYDRLEQLAGNLRENIELGNGPLEEAISALYYYSTGGTQLPTLARSFIICIQMISEAARFQYIEGEMRTRIRYNRRSAPDPSVITLENSWGRLSTAIQESNQGAFASPIQLQRRNGSKFSVYDVSILIPIIALMVYRCA
Q063,seq-2,QYPIINFTTAGATVQSYTNFIRAVRGRLTTGADVRHEIPVLPNRVGLPINQRFILVELSNHAELSVTLALDVTNAYVVGYRAGNSAYFFHPDNQEDAEAITHLFTDVQNRYTFAFGGNYDRLEQLAGNLRENIELGNGPLEEAISALYYYSTGGTQLPTLARSFIICIQMISEAARFQYIEGEMRTRIRYNRRSAPDPSVITLENSWGRLSTAIQESNQGAFASPIQLQRRNGSKFSVYDVSILIPIIALMVYRCAPPP
Q253,seq-36,VPDAVDWREKGAVTPVKDQGACGSCWAFSAVGNIEGQWYLAGHELVSLSEQQLVSCDDMDNGCSGGLMLQAFDWLLQNTNGHLHTEDSYPYVSGNGYVPECSNSSELVVGAQIDGHVLIGSSEKAMAAWLAKNGPIAIALDASSFMSYKSGVLTACIGKQLNHGVLLVGYDMTGEVPYWVIKNSWGGDWGEQGYVRVVMGVNACLLSEYPVSAHVR
Q276,seq-13,PFKEVSPNSFLLDDSHALSQLLKKSYRWYSPVFSPRNVPRFADVSSITESPETLKAIRDFLVQRYRAMSPAPTHILGFDARGFLFGPMIAVELEIPFVLMRKADKNAGLLIRSEPYEKEYKEAAPEVMTIRYGSIGKGSRVVLIDDVLATGGTALSGLQLVEASDAVVVEMVSILSIPFLKAAEKIHSTANSRYKDIKFISLLSDDALTEENCGDSKNYTGPRVLSCGDVLAEHPH
Q278,seq-22,APIKVGINGFGRIGRMVFQAICDQGLIGTEIDVVAVVDMSTNAEYFAYQMKHDTVHGRPKYTVEAVKSSPSVETADVLVVNGHRIKCVKAQRNPADLPWGKLGVDYVIESTGLFTDKLKAEGHIKGGAKKVVISAPASGGAKTIVMGVNQHEYSPASHHVVSNASCTTNCLAPIVHVLTKENFGIETGLMTTIHSYTATQKTVDGVSLKDWRGGRAAAVNIIPSTTGAAKAVGMVIPSTKGKLTGMSFRVPTPDVSVVDLTFRATRDTSIQEIDKAIKKAAQTYMKGILGFTDEELVSADFINDNRSSVYDSKATLQNNLPGEKRFFKVVSWYDNEWAYSHRVVDLVRYMAAKDAASS
Q2QK,seq-37,MAISGVTLEESVRGAIDDLRMKKSRYVMMCIGADGKKIEVTEVGERSVNYTDLKEKFSTEKPCYVAFDFEYNDAGSKREKLILIQWIPDTARPREKMMYSASRDALSSVSEGYLPIQANDESGLDAEEIIRKVRLHRSVAAALE
Q4Q1,seq-1,ETMARKEWYDVVAPANFEKRQFAKTICNKTQGTRIAADVLRGRVFEANLADLNQSAGEEEAYRKVRFTVQEVQGRNLLTQFHSMEVTTDKMASLLRKWCTTMETTVEVKTADGYTMRLFVVAFTKPQANQQSRNCYAKQRLVKWLRMRITKMIKRRLSKVQIKEAVSLLTRNVLSDALVRRCNPILPLRELRIRKVRVVRTPKFDAQALLSAHGTIPASVEADQR
Q4Q1,seq-12,HPRPLPAGKHAHRQSLETIPEVAELYHCIYKLYNEEESSVWFREPVNALAQEIFTYYDVVKSPMSLRHILDNIVKGDTYSTALQVMEDVELIWKNCITFNGANSLLATEAGKCRSALDRIRRAYQ
Q4Q3,seq-14,SEEPPFDIRALRADIEDMISEKLELGPSLIRLAWHEAASYDCFKKDGSPNSASMRFKPECLYAGNKGLDIPRKALETLKKKYPQISYADLWVLAAYVAIEYMGGPTIPFCWGRVDAKDGSVCGPDGRLPDGSKTQSHVREVFRRLGFNDQETVALIGAHTCGECHIEFSGYHGPWTHDKNGFDNSFFTQLLDEDWVLNPKVEQMQLMDRATTKLMMLPSDVCLLLDPSYRKYVELYAKDNDRFNKDFANAFKKLTELGTRNLHKAPAS
Q4Q4,seq-38,GSHMPFLQTIVSVSLDDQKRANLSAAYGMICREELGKPEDFVMTAFSDKTPISFQGSTAPAAYVRVESWGEYAPSKPKMMTPRIAAAITKECGIPAERIYVFYYSTKHCGWNGTNF
Q4Q4,seq-39,PVIQTFVSTPLDHHKRENLAQVYRAVTRDVLGKPEDLVMMTFHDSTPMHFFGSTDPVACVRVEALGGYGPSEPEKVTSIVTAAITKECGIVADRIFVLYFSPLHCGWNGTNF
Q4Q4,seq-1,ETMARKEWYDVVAPANFEKRQFAKTICNKTQGTRIAADVLRGRVFEANLADLNQSAGEEEAYRKVRFTVQEVQGRNLLTQFHSMEVTTDKMASLLRKWCTTMETTVEVKTADGYTMRLFVVAFTKPQANQQSRNCYAKQRLVKWLRMRITKMIKRRLSKVQIKEAVSLLTRNVLSDALVRRCNPILPLRELRIRKVRVVRTPKFDAQALLSAHGTIPASVEADQR
Q4Q5,seq-40,NYTYIKPEELVELLDNPDSLVKAAVIDCRDSDRDCGFIVNSINMPTISCTEEMYEKLAKTLFEEKKELAVFHCAQSLVRAPKGANRFALAQKKLGYVLPAVYVLRGGWEAFYHMYGDVRPDLMYVKLGPEQKLISEEDLNSAVDH
Q4Q5,seq-41,SNRRREMDYMRLCNSTRKVYPSDTVAEFWVEFKGPEGTPYEDGTWMLHVQLPSDYPFKSPSIGFCNRILHPNVDERSGSVCLDVINQTWTPMYQLENIFDVFLPQLLRYPNPSDPLNVQAAHLLHADRVGFDALLREHVSTHATPQKALESIPEAYRP
Q4Q5,seq-42,AHAFWSTQPVPQTEDETEKIVFAGPMDEPKTVADIPEEPYPIASTFEWWTPNMEAADDIHAIYELLRDNYVEDDDSMFRFNYSEEFLQWALCPPNYIPDWHVAVRRKADKKLLAFIAGVPVTLRMGTPKYMKVKAQEKGEGEEAAKYDEPRHICEINFLCVHKQLREKRLAPILIKEATRRVNRTNVWQAVYTAGVLLPTPYASGQYFHRSLNPEKLVEIRFSGIPAQYQKFQNPMAMLKRNYQLPSAPKNSGLREMKPSDVPQVRRILMNYLDSFDVGPVFSDAEISHYLLPRDGVVFTYVVENDKKVTDFFSFYRIPSTVIGNSNYNLLNAAYVHYYAATSIPLHQLILDLLIVAHSRGFDVCNMVEILDNRSFVEQLKFGAGDGHLRYYFYNWAYPKIKPSQVALVML
Q4Q6,seq-2,QYPIINFTTAGATVQSYTNFIRAVRGRLTTGADVRHEIPVLPNRVGLPINQRFILVELSNHAELSVTLALDVTNAYVVGYRAGNSAYFFHPDNQEDAEAITHLFTDVQNRYTFAFGGNYDRLEQLAGNLRENIELGNGPLEEAISALYYYSTGGTQLPTLARSFIICIQMISEAARFQYIEGEMRTRIRYNRRSAPDPSVITLENSWGRLSTAIQESNQGAFASPIQLQRRNGSKFSVYDVSILIPIIALMVYRCAPPP
Q4Q7,seq-43,ASDAALADATRRELEEEMGRSDKPEQPTPPAGWQVVRKPGTCTFDLTKSFEGEDLVVRYSTNQDSDKANSHNIFVYITQKNGQTMQADLSIEEGELVLNNIRFYDEAALAKDTGAEAEAKRNELYTGPLVHELDYDLLNCVMTYLEKRGVDEKLGEFVVLYSFWAEQQDYEAWLTTMNKFAS
Q4Q7,seq-1,ETMARKEWYDVVAPANFEKRQFAKTICNKTQGTRIAADVLRGRVFEANLADLNQSAGEEEAYRKVRFTVQEVQGRNLLTQFHSMEVTTDKMASLLRKWCTTMETTVEVKTADGYTMRLFVVAFTKPQANQQSRNCYAKQRLVKWLRMRITKMIKRRLSKVQIKEAVSLLTRNVLSDALVRRCNPILPLRELRIRKVRVVRTPKFDAQALLSAHGTIPASVEADQR
Q4Q8,seq-1,ETMARKEWYDVVAPANFEKRQFAKTICNKTQGTRIAADVLRGRVFEANLADLNQSAGEEEAYRKVRFTVQEVQGRNLLTQFHSMEVTTDKMASLLRKWCTTMETTVEVKTADGYTMRLFVVAFTKPQANQQSRNCYAKQRLVKWLRMRITKMIKRRLSKVQIKEAVSLLTRNVLSDALVRRCNPILPLRELRIRKVRVVRTPKFDAQALLSAHGTIPASVEADQR
Q4Q9,seq-1,ETMARKEWYDVVAPANFEKRQFAKTICNKTQGTRIAADVLRGRVFEANLADLNQSAGEEEAYRKVRFTVQEVQGRNLLTQFHSMEVTTDKMASLLRKWCTTMETTVEVKTADGYTMRLFVVAFTKPQANQQSRNCYAKQRLVKWLRMRITKMIKRRLSKVQIKEAVSLLTRNVLSDALVRRCNPILPLRELRIRKVRVVRTPKFDAQALLSAHGTIPASVEADQR
Q4Q9,seq-44,SAQIIDGKAIAAAIRSELKDKVAALRELYGGRVPGLASIIVGQRMDSKKYVQLKHKAAAEVGMASFNVELPEDISQEVLEVNVEKLNNDPNCHGIIVQLPLPKHLNENRAIEKIHPHKDADALLPVNVGLLHYKGREPPFTPCTAKGVIVLLKRCGIEMAGKRAVVLGRSNIVGAPVAALLMKENATVTIVHSGTSTEDMIDYLRTADIVIAAMGQPGYVKGEWIKEGAAVVDVGTTPVPDPSRKDGYRLVGDVCFEEAAARAAWISPVPGGVGPMTIAMLLENTLEAFKAALGVS
Q4QA,seq-45,AEFNFVPLVSKVSHKETKYRLLTKDYVSVVQPGAGLPEMLRVDPAALTLLSSTAFDDVEHLLRSSHLMSLRKIFDDPEASDNDKFVALQLLKNANISSARLLPGCQDTGTAIIAGYRGDQVFVPGNDEEALSRGVYDIFQKRNFRYSQNVPLSMYDEKNTGTNLPAQIDLYASKGMEYSFMFVAKGGGSANKSFLLQETKSVLNPKSLRNFLKEKLAMFGTSACPPYHVAVVIGGTSAEMTMKVLKYASCHYYDDLITKPDMKTGYTFRDLELEEEVLKVCQNIGMGAQFGGKYYAHDVRVIRMPRHGASCPIGIGVSCSADRQALGKINKDGVWLEELEMEPSQYLPDLKEDELLKTPAVMVNLNRPMPEVLQELSKHPVRTRLSLTGTIIVARDSAHARMREMLEAGKPLPQYMKEHPVYYAGPAKQPDGLPSGSFGPTTAGRMDPFVDLFQSHGGSMVMLAKGNRSKQVTKACHKYGGFYLGSIGGPAAVLAQNAIKKVECLDMKDLGMEAVWRIEVENFPAFIVVDDKGNDFFEQL
Q4QB,seq-46,MTNPKVFFDISIDNKAAGRIVMELYADTVPKTAENFRALCTGEKGKGRSGKPLHYKSSVFHRVIPNFMIQGGDFTRGNGTGGESIYGTTFRDESFSGKAGRHTGLGCLSMANAGPNTNGSQFFICTAATPWLDGKHVVFGRVIDGLDVVKKVERLGSSSGKTRSRIVVSDCGEVAADKS
Q4QB,seq-47,AHMERFQKVYEEVQEFLLGDAEKRFEMDVHRKGYLKSMMDTTCLGGKYNRGLCVVDVAEAMAKDTQMDAAAMERVLHDACVCGWMIEMLQAHFLVEDDIMDHSKTRRGKPCWYLHPGVTAQVAINDGLILLAWATQMALHYFADRPFLAEVLRVFHDVDLTTTIGQLYDVTSMVDSAKLDAKVAHANTTDYVEYTPFNHRRIVVYKTAYYTYWLPLVMGLLVSGTLEKVDKKATHKVAMVMGEYFQVQDDVMDCFTPPEKLGKIGTDIEDAKCSWLAVTFLTTAPAEKVAEFKANYGSTDPAAVAVIKQLYTEQNLLARFEEYEKAVVAEVEQLIAALEAQNAAFAASVKVLWSKTYKRQK
Q4QC,seq-3,FQQPNYTANFVQSTFNALHRQGAVPDVLVVGGDGRYYTSEAVQVILKVSAANGVRCVWVGQHGLLSTPAVSTMVRRRRDADGRKATGAFILTASHNPGGPDADFGIKYNSENGGPAPEKLTSQIYEETVKITHIKMAPTLPEVDIHTLGTYTFDDYNFQVEVVDSLADYAAYMQEVFDFEAIRALVQRLDFKVHVDSLHGVSGPYVDRIFHEGLGVPKTSLFRTNVLPDFGGCHPDPNLTYAADLVHVMGLLPDGNANPAMKHISTVPSFGVAFDGDADRNMILGCRFFVNPSDSLAVLAANADCVPFFTQSSSSGLKAVARSMPTSGAVDRVAAAHDFALFEVPTGWKFFGNLMDSKDLYGGKDFNPLLCGEESFGTGSNHIREKDGIWASLFWLSVIAKRNAPGTPLVGVQQIVEEHWATYGRNYYSRYDYEDVSAEAAKAVMDTVENTVVDDVPNLNGVACKTIDNFSYTDPIDGSVSTKQGVRVLFEDGSRFVLRLSGTGSSGATIRLYLEQYMDSATVKSHLAEKTLPTASTALKALIGVALQVSKMESLTGRKTPTVIT
Q4QD,seq-48,KSLSAAAQACVKKMRDAKVNEACIRTFIAQHVMVSKGETGSIPDSAIMPVDSLDALDSLTIECDNAVLQSTVVLKLNGGLGTGMGLCDAKTLLEVKDGKTFLDFTALQVQYLRQHCSEHLRFMLMDSFNTSASTKSFLKARYPWLYQVFDSEVELMQNQVPKILQDTLEPAAWAENPAYEWAPPGHGDIYTALYGSGKLQELVEQGYRYMFVSNGDNLGATIDKRVLAYMEKEKIDFLMEVCRRTESDKKGGHLARQTVYVKGKDGQPDAEKRVLLLRESAQCPKADMESFQDINKYSFFNTNNLWIRLPVLLETMQEHGGTLPLPVIRNEKTVDSSNSASPKVYQLETAMGAAIAMFESASAIVVPRSRFAPVKTCADLLALRSDAYVVTDDFRLVLDDRCHGHPPVVDLDSAHYKMMNGFEKLVQHGVPSLVECKRVTVKGLVQFGAGNVLTGTVTIENTDSASAFVIPDGAKLNDTTASP
Q4QE,seq-49,WLASLKQTLGLLPADRKIRVLMLGLDNAGKTSILYRLHLGDVVTTVPTVGVNLETLQYKNISFEVWDLGGQTGVRPYWRCYFSDTDAVIYVVDSTDRDRMGVAKHELYALLDEDELRKSLLLIFANKQDLPDAASEAEIAEQLGVSSIMNRTWTIVKSSSKTGDGLVEGMDWLVERLREQG
Q4QE,seq-14,SEEPPFDIRALRADIEDMISEKLELGPSLIRLAWHEAASYDCFKKDGSPNSASMRFKPECLYAGNKGLDIPRKALETLKKKYPQISYADLWVLAAYVAIEYMGGPTIPFCWGRVDAKDGSVCGPDGRLPDGSKTQSHVREVFRRLGFNDQETVALIGAHTCGECHIEFSGYHGPWTHDKNGFDNSFFTQLLDEDWVLNPKVEQMQLMDRATTKLMMLPSDVCLLLDPSYRKYVELYAKDNDRFNKDFANAFKKLTELGTRNLHKAPAS
Q4QF,seq-0,YPIINFTTAGATVQSYTNFIRAVRGRLTTGADVRHEIPVLPNRVGLPINQRFILVELSNHAELSVTLALDVTNAYVVGYRAGNSAYFFHPDNQEDAEAITHLFTDVQNRYTFAFGGNYDRLEQLAGNLRENIELGNGPLEEAISALYYYSTGGTQLPTLARSFIICIQMISEAARFQYIEGEMRTRIRYNRRSAPDPSVITLENSWGRLSTAIQESNQGAFASPIQLQRRNGSKFSVYDVSILIPIIALMVYRCA
Q4QF,seq-2,QYPIINFTTAGATVQSYTNFIRAVRGRLTTGADVRHEIPVLPNRVGLPINQRFILVELSNHAELSVTLALDVTNAYVVGYRAGNSAYFFHPDNQEDAEAITHLFTDVQNRYTFAFGGNYDRLEQLAGNLRENIELGNGPLEEAISALYYYSTGGTQLPTLARSFIICIQMISEAARFQYIEGEMRTRIRYNRRSAPDPSVITLENSWGRLSTAIQESNQGAFASPIQLQRRNGSKFSVYDVSILIPIIALMVYRCAPPP
Q4QF,seq-50,MAANCIFCKIIKGDIPCAKVAETSKALAFMDINPLSRGHMLVIPKEHASCLHELGMEDAADVGVLLAKASRAVAGPDGSMQYNVLQNNGSLAHQEVPHVHFHIIPKTDEKTGLKIGWDTVKVASDELAEDAKRYSEAIAKI
Q4QG,seq-51,PTSTGVYAPSARHMNDNQELMEWFRAVDTDGSGAISVPELNAALSSAGVPFSLATTEKLLHMYDKNHSGEITFDEFKDLHHFILSMREGFRKRDSSGDGRLDSNEVRAALLSSGYQVSEQTFQALMRKFDRQRRGSLGFDDYVELSIFVCRVRNVFAFYDRERTGQVTFTFDTFIGGSVSIL
Q4QG,seq-52,SRLMPHYSKGKTAFLCVDLQEAFSKRIENFANCVFVANRLARLHELVPENTKYIVTEHYPKGLGRIVPGITLPQTAHLIEKTRFSCIVPQVEELLEDVDNAVVFGIEGHACILQTVADLLDMNKRVFLPKDGLGSQKKTDFKAAMKLMGSWSPNCEITTSESILLQMTKDAMDPNFKKISKLLKEEPPIPL
Q4QG,seq-1,ETMARKEWYDVVAPANFEKRQFAKTICNKTQGTRIAADVLRGRVFEANLADLNQSAGEEEAYRKVRFTVQEVQGRNLLTQFHSMEVTTDKMASLLRKWCTTMETTVEVKTADGYTMRLFVVAFTKPQANQQSRNCYAKQRLVKWLRMRITKMIKRRLSKVQIKEAVSLLTRNVLSDALVRRCNPILPLRELRIRKVRVVRTPKFDAQALLSAHGTIPASVEADQR
Q4QH,seq-53,SAMKRPRSNSIVEETAVSAYVQTCTNFKSNVTFTDISKVSCVAYHVLLVGALEQLRDNSLKSVLFYCPAVAEALQRVKAGSTVKTLAEVPGRKGYTEVMVTALPATTSRTNCPYRADSMSEAVAAACGSVEEGEVLDVYVCAPAGSETAVANAVARAAPHSYTAKAGQATKAYMKQAMSLNVVMSSRAAFTQELVRGKSVCVAELEAICTSVQLCQRLVDTPPCMLDTVVYAEIAAAYAAELGVDMTVIKGDELREKGYGGIYAVGKCAQYPAHLVTLRYRNPNAAEGAKNIAMVGKGIVYDCGGLALKPAAHMTNMKTDMGGSAGVFCAFIAVVRSMKMQRTHFSHIANISVTLCLAENAIGPHSYRNDDVVVMKSGKSVEVMNTDAEGRIVLGDGVYYATGEQDFVPDVLIDMATLTGAQGVATGSKHAGVYASDAEAEKDMISAGLQSGDLCYPVLYCPEYHEEVYKSPCADMRNIANSSSSAGSSCGGYFVEQHLSERFRGPFVHVDMAYPTSNTAGATGYGVTLVFEFLRQH
Q4QI,seq-54,CYHTLPHLRYPAELPTLGFNYKDGIQPVMSPRQLELHYSKHHSAYVDKLNTLGKGYEGKTIEEIILATTGINESKVMFNQAAQHFNHSFFWKCLSPGGKPMPKTLENAIAKQFGSVDDFMVSFQQAGVNNFGSGWTWLCVDPQTKELLIDSTSNAGCPLTSGLRPIFTADVWEHAYYKDFENRRADYLKELWQIVDWEFVCHMYERATK
Q5SD,seq-55,MGCGASSENSSVTYVNGRPTFVGEEVTKGFEKDNGLLFRIVNKKKKQWAYYNDTTQYEMHVLVTFNEDCDIKALGKTKLEQQENGEWVASVVVYPCETEMFIEGRVNGFKSKMDALPLSEEYRQHQAEKDK
Q66V,seq-0,YPIINFTTAGATVQSYTNFIRAVRGRLTTGADVRHEIPVLPNRVGLPINQRFILVELSNHAELSVTLALDVTNAYVVGYRAGNSAYFFHPDNQEDAEAITHLFTDVQNRYTFAFGGNYDRLEQLAGNLRENIELGNGPLEEAISALYYYSTGGTQLPTLARSFIICIQMISEAARFQYIEGEMRTRIRYNRRSAPDPSVITLENSWGRLSTAIQESNQGAFASPIQLQRRNGSKFSVYDVSILIPIIALMVYRCA
Q68R,seq-56,SRRMLHTMIRVGDLDRSIKFYTERLGMKVLRKWDVPEDKYTLVFLGYGPEMSSTVLELTYNYGVTSYKHDEAYGHIAIGVEDVKELVADMRKHDVPIDYEDESGFMAFVVDPDGYYIELLNEKTMMEKAEADMKEQGTA
Q6Q1,seq-40,NYTYIKPEELVELLDNPDSLVKAAVIDCRDSDRDCGFIVNSINMPTISCTEEMYEKLAKTLFEEKKELAVFHCAQSLVRAPKGANRFALAQKKLGYVLPAVYVLRGGWEAFYHMYGDVRPDLMYVKLGPEQKLISEEDLNSAVDH
Q6S9,seq-57,VIAVTPEEREAVMSIDFGGAYDFTSPGFNLFEVREKYSEPMDAAAGVVYNLLWNSGLPEKFGCREQTLLNFILQCRRRYRRVPYHNFYHVVDVCQTLHTYLYTGKASELLTELECYVLLVTALVHDLDHMGVNNSFYLKTDSPLGILSSASGNNSVLEVHHCSLAIEILSDPAADVFEGLSGQDVAYAYRALIDCVLATDMAKHADALSRFTELATSGFEKDNDTHRRLVMETLIKAGDVSNVTKPFETSRMWAMAVTEEFYRQGDMEKEKGVEVLPMFDRSKNNELARGQIGFIDFVAGKFFRDIVGNLFHGMQWCVDTVNSNRAKWQEILDGR
Q6TU,seq-32,KKMSIVLAPFSGGQPHSGVELGPDYLLKQGLQQDMEKLGWDTRLERVFDGKVVEARKASDNGDRIGRVKRPRLTAECTEKIYKCVRRVAEQGRFPLTIGGDHSIALGTVAGVLSVHPDAGVIWVDAHADINTMSGTVSGNLHGCPLSILLGLDRENIPECFSWVPQVLKPNKIAYIGLRAVDDEEKKILHDLNIAAFSMHHVDRYGIDKVVSMAIEAVSPKGTEPVMVSYDVDTIDPLYVPATGTPVRGGLSFREALFLCERIAECGRLVALDVVECNPLLAATESHVNDTISVGCAIARCMMGETLLYTP
Q868,seq-31,GSHMIAPLSVKDNDKWVDTHVGKTTEIHLKGNPTTGYMWTRVGFVGKDVLSDEILEVVCKYTPTPSSTPMVGVGGIYVVLVKPRKRGHHTLELVYTRPFEGIKPENERYTLHLNVK
Q86N,seq-24,LLLKPHKDLPRRTVLIVVMDGLGIGPEDDYDAVHMASTPFMDAHRRDNRHFRCVRAHGTAVGLPTDADMGNSEVGHNALGAGRVALQGASLVDDAIKSGEIYTGEGYRYLHGAFSKEGSTLHLIGLLSDGGVHSRDNQIYSIIEHAVKDGAKRIRVHALYDGRDVPDGSSFRFTDELEAVLAKVRQNGCDAAIASGGGRMFVTMDRYDADWSIVERGWRAQVLGDARHFHSAKEAITTFREEDPKVTDQYYPPFIVVDEQDKPLGTIEDGDAVLCVNFRGDRVIEMTRAFEDEDFNKFDRVRVPKVRYAGMMRYDGDLGIPNNFLVPPPKLTRVSEEYLCGSGLNIFACSETQKFGHVTYFWNGNRSGKIDEKHETFKEVPSDRVQFNEKPRMQSAAITEAAIEALKSGMYNVVRINFPNGDMVGHTGDLKATITGVEAVDESLAKLKDAVDSVNGVYIVTADHGNSDDMAQRDKKGKPMKDGNGNVLPLTSHTLSPVPVFIGGAGLDPRVAMRTDLPAAGLANVTATFINLLGFEAPEDYEPSLIYVE
Q8I8,seq-0,YPIINFTTAGATVQSYTNFIRAVRGRLTTGADVRHEIPVLPNRVGLPINQRFILVELSNHAELSVTLALDVTNAYVVGYRAGNSAYFFHPDNQEDAEAITHLFTDVQNRYTFAFGGNYDRLEQLAGNLRENIELGNGPLEEAISALYYYSTGGTQLPTLARSFIICIQMISEAARFQYIEGEMRTRIRYNRRSAPDPSVITLENSWGRLSTAIQESNQGAFASPIQLQRRNGSKFSVYDVSILIPIIALMVYRCA
Q8MP,seq-58,HMASIEKVANCIRCLAADIVQGGKSGHPGTPMGMAPMSAVLWTEVMKYNSQDPDWVDRDRFVMSNGHGCALQYALLHMAGYNLTMDDLKGFRQDGSRTPGHPERFVTPGVEVTTGPLGQGIANAVGLAIAEAHLAATFNRPGYNIVDHYTYVYCGDGCLMEGVCQEALSLAGHLALEKLIVIYDSNYISIDGSTSLSFTEQCHQKYVAMGFHVIEVKNGDTDYEGLRKALAEAKATKGKPKMIVQTTTIGFGSSKQGTEKVHGAPLGEEDIANIKAKFGRDPQKKYDVDDDVRAVFRMHIDKCSAEQKAWEELLAKYTAAFPAEGAAFVAQMRGELPSGWEAKLPTNSSAIATRKASENCLAVLFPAIPALMGGSADLTPSNLTRPASANLVDFSSSSKEGRYIRFGVREHAMCAILNGLDAHDGIIPFGGTFLNFIGYALGAVRLAAISHHRVIYVATHDSIGVGEDGPTHQPVELVAALRAMPNLQVIRPSDQTETSGAWAVALSSIHTPTVLCLSRQNTEPQSGSSIEGVRHGAYSVVDVPDLQLVIVASGSEVSLAVDAAKALSGELRVRVVSMPCQELFDAQPDTYRQAVLPAGVPVVSVEAYVSFGWEKYSHAHVGMSGFGASAPAGVLYKKFGITVEEVVRTGRELAKRFPDGTAPLKNSSFS
Q95U,seq-17,TATVREAAPQFSGQAVVNGAIKDINMNDYKGKYIVLFFYPMDFTFVCPTEIIAFSDRHADFEKLNTQVVAVSCDSVYSHLAWVNTPRKKGGLGEMHIPVLADKSMEIARDYGVLIEESGIALRGLFIIDKKGILRHSTINDLPVGRNVDEALRVLEAFQYADENG
Q95Z,seq-29,KAILLFDVDGTLTPPRNPETHDMKEALLKARAAGFKLGVVGGSDFAKQKEQLGESILEDFDYVFSENGLLAYKDGKEFHRNSLLRALGNEKVVAFVKKCLHLIADLDIPVQRGTFVEFRNGMFNVSPIGRNCSQQERDEFENLDKERHIREKLIRELKEAFPDYQLAYSVGGQISFDVFPKGWDKTYCLQFVENDFETIHFFGDKTSEGGNDYEIFTDSRTIGHSVKTYKDTIAILEALLED
Q9BI,seq-1,ETMARKEWYDVVAPANFEKRQFAKTICNKTQGTRIAADVLRGRVFEANLADLNQSAGEEEAYRKVRFTVQEVQGRNLLTQFHSMEVTTDKMASLLRKWCTTMETTVEVKTADGYTMRLFVVAFTKPQANQQSRNCYAKQRLVKWLRMRITKMIKRRLSKVQIKEAVSLLTRNVLSDALVRRCNPILPLRELRIRKVRVVRTPKFDAQALLSAHGTIPASVEADQR
Q9N9,seq-1,ETMARKEWYDVVAPANFEKRQFAKTICNKTQGTRIAADVLRGRVFEANLADLNQSAGEEEAYRKVRFTVQEVQGRNLLTQFHSMEVTTDKMASLLRKWCTTMETTVEVKTADGYTMRLFVVAFTKPQANQQSRNCYAKQRLVKWLRMRITKMIKRRLSKVQIKEAVSLLTRNVLSDALVRRCNPILPLRELRIRKVRVVRTPKFDAQALLSAHGTIPASVEADQR
Q9NJ,seq-22,APIKVGINGFGRIGRMVFQAICDQGLIGTEIDVVAVVDMSTNAEYFAYQMKHDTVHGRPKYTVEAVKSSPSVETADVLVVNGHRIKCVKAQRNPADLPWGKLGVDYVIESTGLFTDKLKAEGHIKGGAKKVVISAPASGGAKTIVMGVNQHEYSPASHHVVSNASCTTNCLAPIVHVLTKENFGIETGLMTTIHSYTATQKTVDGVSLKDWRGGRAAAVNIIPSTTGAAKAVGMVIPSTKGKLTGMSFRVPTPDVSVVDLTFRATRDTSIQEIDKAIKKAAQTYMKGILGFTDEELVSADFINDNRSSVYDSKATLQNNLPGEKRFFKVVSWYDNEWAYSHRVVDLVRYMAAKDAASS
Q9U1,seq-59,EAPNEKTLRIKVSALKRTIKDLEFAKREVERELQRLDTLCQSDPDRVPQQTKVVDEAQMMVPHSVNRIMASVKDLSDYLEKEGSTVSNEELLDLARATMADGQAAVS
Q9U1,seq-60,MSSERTFIAVKPDGVQRGLVGEIIARFERKGYKLVALKILQPTTEQAQGHYKDLCSKPFFPALVKYFSSGPIVCMVWEGKNVVKSGRVLLGATNPADSQPGTIRGDFAVDVGRNVCHGSDSVESAEREIAFWFKADEIA
Q9U5,seq-23,MSRVTVLQSQLPAYNRLKTPYESELIATVKKLTTPGKGLLAADESIGSCTKRFQPIGLSNTEEHRRQYRALMLEAEGFEQYISGVILHDETVGQKASNGQTFPEYLTARGVVPGIKTDMGLCPLLEGAEGEQMTEGLDGYVKRASAYYKKGCRFCKWRNVYKIQNGTVSESAVRFNAETLARYAILSQMSGLVPIVEPEVMIDGKHDIDTCQRVSEHVWREVVAALQRHGVIWEGCLLKPNMVVPGAESGKTAAPEQVAHYTVMTLARTMPAMLPGVMFLSGGLSEVQASEYLNAINNSPLPRPYFLSFSYARALQSSALKAWGGKESGLAAGRRAFLHRARMNSMAQLGKYKRSDD
